019854,1.1084000000000005,4.440892098500626e-16,https://h5.1234567.com.cn/app/fund-details/?fCode=019854,博时中证红利低波动100指数发起式C
020673,1.1026999999999996,0.0002721335268500713,https://h5.1234567.com.cn/app/fund-details/?fCode=020673,招商中证红利低波动100指数发起式C
018680,1.0976,0.0002733983413834018,https://h5.1234567.com.cn/app/fund-details/?fCode=018680,招商安和债券C
006866,1.0676999999999994,0.0002810567734679026,https://h5.1234567.com.cn/app/fund-details/?fCode=006866,汇安嘉鑫纯债债券C
015323,1.1807999999999996,0.0005083884087440094,https://h5.1234567.com.cn/app/fund-details/?fCode=015323,广发集源债券E
012713,1.2938,0.0006187161639599204,https://h5.1234567.com.cn/app/fund-details/?fCode=012713,建信沪深300红利ETF联接C
020533,1.0235000000000003,0.0009779951100248319,https://h5.1234567.com.cn/app/fund-details/?fCode=020533,湘财鑫睿债券C
017680,1.0234000000000005,0.0009780907668237582,https://h5.1234567.com.cn/app/fund-details/?fCode=017680,汇泉中证同业存单AAA指数7天持有
018567,1.0394000000000005,0.0010594240585577452,https://h5.1234567.com.cn/app/fund-details/?fCode=018567,恒生前海恒源泓利债券C
020679,1.0398000000000005,0.0013482280431438287,https://h5.1234567.com.cn/app/fund-details/?fCode=020679,广发集盛债券C
025389,0.9999000000000007,0.001703065517933089,https://h5.1234567.com.cn/app/fund-details/?fCode=025389,万家中证800红利低波动指数C
015899,1.0313000000000008,0.001943068104537815,https://h5.1234567.com.cn/app/fund-details/?fCode=015899,大成元合双利债券发起式C
024221,1.0040000000000004,0.002196047115193167,https://h5.1234567.com.cn/app/fund-details/?fCode=024221,汇安中证红利低波动100指数C
019837,1.041500000000001,0.002309691078819176,https://h5.1234567.com.cn/app/fund-details/?fCode=019837,大摩恒利债券C
019177,1.0994000000000002,0.002553346708006776,https://h5.1234567.com.cn/app/fund-details/?fCode=019177,汇添富添添乐双鑫债券C
021628,1.0364000000000013,0.002805999032415407,https://h5.1234567.com.cn/app/fund-details/?fCode=021628,嘉实稳华纯债债券E
022343,1.0407000000000002,0.0028910089621279056,https://h5.1234567.com.cn/app/fund-details/?fCode=022343,长盛中证红利低波动100指数C
018323,1.0363000000000007,0.003291702972214816,https://h5.1234567.com.cn/app/fund-details/?fCode=018323,人保民富债券C
020618,1.0436999999999994,0.003364737550470398,https://h5.1234567.com.cn/app/fund-details/?fCode=020618,中银新华中诚信红利价值指数发起C
023047,1.112499999999999,0.0034274375394596213,https://h5.1234567.com.cn/app/fund-details/?fCode=023047,南方达元债券E
023788,1.0290000000000008,0.0037065938353499917,https://h5.1234567.com.cn/app/fund-details/?fCode=023788,国联稳健增益债券C
022843,1.0634000000000006,0.003870480505995255,https://h5.1234567.com.cn/app/fund-details/?fCode=022843,摩根恒鑫债券C
025978,1.0175,0.004045786461416956,https://h5.1234567.com.cn/app/fund-details/?fCode=025978,大摩添益债券C
024611,1.1415000000000006,0.004046090245404699,https://h5.1234567.com.cn/app/fund-details/?fCode=024611,平安上证红利低波动指数E
020457,1.1005000000000003,0.004197463272196611,https://h5.1234567.com.cn/app/fund-details/?fCode=020457,平安上证红利低波动指数C
021735,1.2352999999999987,0.004308943089429862,https://h5.1234567.com.cn/app/fund-details/?fCode=021735,景顺长城沪港深红利成长低波指数E
024140,1.206999999999999,0.004410418573686403,https://h5.1234567.com.cn/app/fund-details/?fCode=024140,鹏华恒生港股通高股息率指数发起式I
022669,1.8339999999999996,0.0044911819476392,https://h5.1234567.com.cn/app/fund-details/?fCode=022669,尚正正达债券C
023071,1.2274999999999991,0.004583026434241022,https://h5.1234567.com.cn/app/fund-details/?fCode=023071,鹏华恒生港股通高股息率指数发起式C
009610,1.1257000000000001,0.0049098375290126395,https://h5.1234567.com.cn/app/fund-details/?fCode=009610,天弘永利债券C
128112,1.3884999999999996,0.005285259194902636,https://h5.1234567.com.cn/app/fund-details/?fCode=128112,国投瑞银优化增强债券C
022264,1.0852000000000004,0.0054665060687486555,https://h5.1234567.com.cn/app/fund-details/?fCode=022264,鹏华丰诚债券E
022951,1.6513000000000018,0.005480119344822398,https://h5.1234567.com.cn/app/fund-details/?fCode=022951,华泰柏瑞中证红利低波ETF联接Y
022678,1.6471999999999989,0.005493834696617572,https://h5.1234567.com.cn/app/fund-details/?fCode=022678,华泰柏瑞中证红利低波ETF联接I
014520,1.2376999999999994,0.005606109847253293,https://h5.1234567.com.cn/app/fund-details/?fCode=014520,博时恒生高股息率ETF发起式联接C
020423,1.8303000000000003,0.005714599703280587,https://h5.1234567.com.cn/app/fund-details/?fCode=020423,华夏中证港股通内地金融ETF发起式联接C
015835,1.0471999999999992,0.005762581636572506,https://h5.1234567.com.cn/app/fund-details/?fCode=015835,汇添富鑫和纯债C
020302,1.0274999999999999,0.005775254502740523,https://h5.1234567.com.cn/app/fund-details/?fCode=020302,平安惠嘉纯债C
022527,1.4103999999999983,0.005776224773585081,https://h5.1234567.com.cn/app/fund-details/?fCode=022527,天弘多元收益债券E
023987,1.095299999999999,0.005877491046008876,https://h5.1234567.com.cn/app/fund-details/?fCode=023987,恒生前海恒润纯债E
021483,1.0810999999999993,0.006142391810143533,https://h5.1234567.com.cn/app/fund-details/?fCode=021483,华夏中证红利低波动ETF发起式联接C
006592,1.0319000000000003,0.006142745709828645,https://h5.1234567.com.cn/app/fund-details/?fCode=006592,广发景明中短债C
020994,1.0476,0.006146753745678302,https://h5.1234567.com.cn/app/fund-details/?fCode=020994,红土创新添益债券C
022579,1.1827999999999994,0.006295729113492854,https://h5.1234567.com.cn/app/fund-details/?fCode=022579,天弘多元增利债券E
018571,1.1388999999999996,0.006451042771296933,https://h5.1234567.com.cn/app/fund-details/?fCode=018571,华宝安元债券C
018766,1.1210000000000013,0.00646435625785724,https://h5.1234567.com.cn/app/fund-details/?fCode=018766,汇添富稳丰回报债券发起式C
018497,1.0474999999999994,0.006534063611030483,https://h5.1234567.com.cn/app/fund-details/?fCode=018497,恒生前海恒润纯债C
009917,0.9768999999999997,0.006594538897475077,https://h5.1234567.com.cn/app/fund-details/?fCode=009917,格林泓利增强债券C
022129,1.1349999999999998,0.006651884700665134,https://h5.1234567.com.cn/app/fund-details/?fCode=022129,华富安福债券C
021418,1.0587,0.00665589046305981,https://h5.1234567.com.cn/app/fund-details/?fCode=021418,泰康红利低波ETF联接C
020603,1.0810999999999993,0.006704534872892465,https://h5.1234567.com.cn/app/fund-details/?fCode=020603,易方达中证红利低波动ETF联接发起式C
022684,1.012500000000001,0.006861575178998658,https://h5.1234567.com.cn/app/fund-details/?fCode=022684,创金合信尊泰纯债债券C
019912,1.1358999999999995,0.007182124490157538,https://h5.1234567.com.cn/app/fund-details/?fCode=019912,华安中证红利低波动指数发起式C
019709,1.0479000000000003,0.007208765859285204,https://h5.1234567.com.cn/app/fund-details/?fCode=019709,富国亚洲收益债券(QDII)人民币C
020942,1.0401999999999996,0.007262515735450448,https://h5.1234567.com.cn/app/fund-details/?fCode=020942,安信青享纯债C
019286,1.0550999999999995,0.007351537139583142,https://h5.1234567.com.cn/app/fund-details/?fCode=019286,平安惠旭纯债C
023614,1.0010999999999997,0.007548309178743606,https://h5.1234567.com.cn/app/fund-details/?fCode=023614,中欧中证红利低波动指数C
025284,0.9979000000000005,0.007572697899838943,https://h5.1234567.com.cn/app/fund-details/?fCode=025284,大成元享臻利债券C
021043,1.170300000000001,0.007663165145515016,https://h5.1234567.com.cn/app/fund-details/?fCode=021043,天弘弘利债券E
016787,1.0620000000000012,0.008068343616517426,https://h5.1234567.com.cn/app/fund-details/?fCode=016787,万家家享中短债D
013054,1.2216000000000005,0.008170339192869802,https://h5.1234567.com.cn/app/fund-details/?fCode=013054,天弘国证龙头家电指数C
395012,1.198999999999999,0.008410428931874492,https://h5.1234567.com.cn/app/fund-details/?fCode=395012,中海增强收益债券C
023486,1.0142000000000007,0.008652411735455612,https://h5.1234567.com.cn/app/fund-details/?fCode=023486,创金合信文丰债券C
021652,1.0415999999999999,0.00871586287042403,https://h5.1234567.com.cn/app/fund-details/?fCode=021652,东财龙头家电指数E
006057,1.2533999999999992,0.008853831294268533,https://h5.1234567.com.cn/app/fund-details/?fCode=006057,鹏华丰和债券(LOF)C
021481,1.0235000000000012,0.008871365204535575,https://h5.1234567.com.cn/app/fund-details/?fCode=021481,博时国证龙头家电ETF发起式联接C
023310,1.2085,0.009185803757828737,https://h5.1234567.com.cn/app/fund-details/?fCode=023310,博时恒泰债券E
017150,1.1018999999999997,0.009250778530865977,https://h5.1234567.com.cn/app/fund-details/?fCode=017150,天弘稳健回报债券发起C
006871,1.0619000000000005,0.009410646387833177,https://h5.1234567.com.cn/app/fund-details/?fCode=006871,广发景和中短债C
021438,1.1437000000000017,0.009622175141244416,https://h5.1234567.com.cn/app/fund-details/?fCode=021438,兴业裕恒债券C
025177,1.0625999999999989,0.009692132269098153,https://h5.1234567.com.cn/app/fund-details/?fCode=025177,鑫元璟丰债券C
017593,1.2089999999999996,0.0098563314400264,https://h5.1234567.com.cn/app/fund-details/?fCode=017593,汇添富添添乐双盈债券C
009735,1.315599999999999,0.009902510171182266,https://h5.1234567.com.cn/app/fund-details/?fCode=009735,天弘增强回报债券E
024948,1.0178000000000003,0.010022824253250295,https://h5.1234567.com.cn/app/fund-details/?fCode=024948,招商瑞锦回报债券C
024090,1.016399999999999,0.010036768359335202,https://h5.1234567.com.cn/app/fund-details/?fCode=024090,银华钰丰债券C
022145,1.0378000000000007,0.010122639672961453,https://h5.1234567.com.cn/app/fund-details/?fCode=022145,银华中证高股息策略ETF发起式联接C
024565,1.0241000000000007,0.010359116022100157,https://h5.1234567.com.cn/app/fund-details/?fCode=024565,易方达中证红利价值ETF联接C
009226,1.3144999999999998,0.010376633358954557,https://h5.1234567.com.cn/app/fund-details/?fCode=009226,天弘中证中美互联网(QDII)C
001632,1.818599999999999,0.010389466081448528,https://h5.1234567.com.cn/app/fund-details/?fCode=001632,天弘中证食品饮料ETF联接C
020677,1.1149000000000004,0.010605511240029397,https://h5.1234567.com.cn/app/fund-details/?fCode=020677,大成元辰招利债券C
024714,0.9977,0.010840932117528013,https://h5.1234567.com.cn/app/fund-details/?fCode=024714,博时国证大盘价值ETF联接C
018722,1.2787000000000006,0.011069818929390962,https://h5.1234567.com.cn/app/fund-details/?fCode=018722,华夏中证港股通50ETF发起式联接C
022823,0.8377999999999997,0.01110306541153716,https://h5.1234567.com.cn/app/fund-details/?fCode=022823,鹏华中证高铁产业指数(LOF)I
026098,1.0302999999999995,0.011287789556340355,https://h5.1234567.com.cn/app/fund-details/?fCode=026098,前海开源安和债券C
016006,1.1037000000000008,0.011640696608616663,https://h5.1234567.com.cn/app/fund-details/?fCode=016006,红土创新添利债券C
233013,1.2930000000000001,0.011737089201877993,https://h5.1234567.com.cn/app/fund-details/?fCode=233013,大摩多元收益债券C
020247,1.0566000000000004,0.011778224648089974,https://h5.1234567.com.cn/app/fund-details/?fCode=020247,国投瑞银和宜债券C
024643,0.5514999999999999,0.011926605504586796,https://h5.1234567.com.cn/app/fund-details/?fCode=024643,华夏食品饮料ETF联接D
015678,0.9997999999999996,0.011943319838056299,https://h5.1234567.com.cn/app/fund-details/?fCode=015678,鹏华中证高铁产业指数(LOF)C
024316,0.9099999999999997,0.012123234345456257,https://h5.1234567.com.cn/app/fund-details/?fCode=024316,南方中证全指家用电器指数发起C
022017,1.0518,0.012806933076552784,https://h5.1234567.com.cn/app/fund-details/?fCode=022017,华泰柏瑞集利债券C
022483,1.4151999999999987,0.013100436681221739,https://h5.1234567.com.cn/app/fund-details/?fCode=022483,国泰中证全指家用电器ETF联接E
020956,1.1134999999999993,0.013747268754551456,https://h5.1234567.com.cn/app/fund-details/?fCode=020956,银华盛泓债券C
010451,1.1349,0.013846703591209542,https://h5.1234567.com.cn/app/fund-details/?fCode=010451,广发恒悦债券E
021244,1.1451000000000002,0.01408076514346468,https://h5.1234567.com.cn/app/fund-details/?fCode=021244,富国中证中央企业红利ETF发起式联接C
160725,1.4530000000000003,0.014239843640932781,https://h5.1234567.com.cn/app/fund-details/?fCode=160725,嘉实基本面50指数(LOF)C
021708,1.0636,0.014498283098054232,https://h5.1234567.com.cn/app/fund-details/?fCode=021708,富国中证红利低波动ETF发起式联接C
018500,1.4210000000000003,0.015217546617132482,https://h5.1234567.com.cn/app/fund-details/?fCode=018500,兴银收益增强C
009180,0.8535999999999997,0.015827680590264848,https://h5.1234567.com.cn/app/fund-details/?fCode=009180,嘉实中证主要消费ETF发起联接C
021879,0.8555000000000001,0.01591259945374679,https://h5.1234567.com.cn/app/fund-details/?fCode=021879,嘉实中证主要消费ETF发起联接I
025267,1.0138000000000007,0.015933460266560395,https://h5.1234567.com.cn/app/fund-details/?fCode=025267,国泰稳健添利债券C
020462,1.1265,0.015963203463203568,https://h5.1234567.com.cn/app/fund-details/?fCode=020462,华安中证国有企业红利ETF发起式联接C
020467,1.2860000000000005,0.016118836915297363,https://h5.1234567.com.cn/app/fund-details/?fCode=020467,华泰柏瑞中证中央企业红利ETF发起式联接C
022275,1.1678999999999995,0.01618376403027888,https://h5.1234567.com.cn/app/fund-details/?fCode=022275,国泰港股红利ETF联接C
018768,1.1479000000000008,0.016470379881343256,https://h5.1234567.com.cn/app/fund-details/?fCode=018768,汇添富稳乐回报债券发起式C
016129,1.2615000000000016,0.016518936341661128,https://h5.1234567.com.cn/app/fund-details/?fCode=016129,景顺长城中证红利低波动100ETF发起联接C
012857,1.8152000000000008,0.01669093760501883,https://h5.1234567.com.cn/app/fund-details/?fCode=012857,汇添富中证主要消费ETF联接C
020116,1.1499999999999995,0.016799292661361154,https://h5.1234567.com.cn/app/fund-details/?fCode=020116,鹏扬中证国有企业红利ETF联接C
020867,1.436600000000002,0.017205976067409257,https://h5.1234567.com.cn/app/fund-details/?fCode=020867,华安恒生港股通中国央企红利ETF发起式联接C
024149,0.7603999999999997,0.017257525083611558,https://h5.1234567.com.cn/app/fund-details/?fCode=024149,长城恒生科技指数(QDII)C
024588,1.1711,0.017463075586446664,https://h5.1234567.com.cn/app/fund-details/?fCode=024588,人保鑫利债券E
018958,1.1513999999999998,0.017497348886532205,https://h5.1234567.com.cn/app/fund-details/?fCode=018958,富国双债增强债券E
019977,1.1248000000000014,0.01755020806947849,https://h5.1234567.com.cn/app/fund-details/?fCode=019977,博时富信纯债债券C
660102,1.1594999999999995,0.018087628413380852,https://h5.1234567.com.cn/app/fund-details/?fCode=660102,农银恒久增利债券C
020571,1.1546999999999992,0.018433586170399696,https://h5.1234567.com.cn/app/fund-details/?fCode=020571,融通中国概念债券(QDII)C
006471,1.1021,0.018482580168191598,https://h5.1234567.com.cn/app/fund-details/?fCode=006471,华润元大润鑫债券C
015783,1.1443000000000003,0.018604237137262114,https://h5.1234567.com.cn/app/fund-details/?fCode=015783,创金合信稳健添利债券C
015040,0.6550999999999996,0.01865961747784106,https://h5.1234567.com.cn/app/fund-details/?fCode=015040,国泰国证食品饮料行业(LOF)C
020516,1.0126,0.018814770097595357,https://h5.1234567.com.cn/app/fund-details/?fCode=020516,华泰柏瑞东南亚科技ETF发起式联接(QDII)C
012762,1.1511999999999993,0.018851225772191782,https://h5.1234567.com.cn/app/fund-details/?fCode=012762,华泰柏瑞上证红利ETF联接C
026226,1.0193999999999983,0.01889055472263701,https://h5.1234567.com.cn/app/fund-details/?fCode=026226,东海增裕债券发起式C
015626,1.1784000000000008,0.020083102493075433,https://h5.1234567.com.cn/app/fund-details/?fCode=015626,平安添润债券C
017611,1.4416000000000002,0.02024062278839356,https://h5.1234567.com.cn/app/fund-details/?fCode=017611,华夏恒生港股通中国内地企业高股息率ETF发起式联接C
022841,1.1104000000000012,0.020869725108027204,https://h5.1234567.com.cn/app/fund-details/?fCode=022841,招商华证价值优选50指数发起式C
016420,1.0755,0.021076616348618682,https://h5.1234567.com.cn/app/fund-details/?fCode=016420,国泰安璟债券C
023980,1.1052999999999997,0.021439792995101792,https://h5.1234567.com.cn/app/fund-details/?fCode=023980,诺德华证价值优选50指数发起式C
013509,0.1760999999999998,0.02146171693735388,https://h5.1234567.com.cn/app/fund-details/?fCode=013509,广发亚太中高收益债美元现汇(QDII)C
001958,1.2314999999999996,0.0215678141849851,https://h5.1234567.com.cn/app/fund-details/?fCode=001958,嘉合磐通债券C
025683,1.0559000000000012,0.021871673279784343,https://h5.1234567.com.cn/app/fund-details/?fCode=025683,广发中证智选高股息策略ETF发起式联接C
970068,0.7173999999999996,0.022228555143915196,https://h5.1234567.com.cn/app/fund-details/?fCode=970068,兴证资管金麒麟消费升级混合B
501308,1.2449000000000003,0.02242115637319353,https://h5.1234567.com.cn/app/fund-details/?fCode=501308,银河中证沪港深高股息C
018841,1.141300000000001,0.022487009496506838,https://h5.1234567.com.cn/app/fund-details/?fCode=018841,汇添富稳元回报债券发起式C
010776,1.1401000000000012,0.022694653749552485,https://h5.1234567.com.cn/app/fund-details/?fCode=010776,博时恒旭持有期混合C
017504,1.0978999999999992,0.02282466927519966,https://h5.1234567.com.cn/app/fund-details/?fCode=017504,达诚致益债券发起式C
021045,1.4509000000000007,0.02305739670004292,https://h5.1234567.com.cn/app/fund-details/?fCode=021045,国泰香港国企红利ETF联接(QDII)C
020622,1.588000000000001,0.02312995296694864,https://h5.1234567.com.cn/app/fund-details/?fCode=020622,华夏中证香港内地国有企业ETF发起式联接(QDII)C
020121,1.2285000000000004,0.023153160656284033,https://h5.1234567.com.cn/app/fund-details/?fCode=020121,宝盈华证龙头红利50指数发起式C
002979,1.2493999999999996,0.023343435170775306,https://h5.1234567.com.cn/app/fund-details/?fCode=002979,广发中证全指金融地产联接C
016716,1.0651000000000002,0.024233099336474773,https://h5.1234567.com.cn/app/fund-details/?fCode=016716,建信渤泰债券C
005999,1.4122000000000012,0.024446862531738223,https://h5.1234567.com.cn/app/fund-details/?fCode=005999,嘉实中证金融地产ETF联接C
022152,1.2114999999999991,0.024870992301835093,https://h5.1234567.com.cn/app/fund-details/?fCode=022152,国投瑞银中证港股通央企红利指数发起式C
024162,0.7281999999999997,0.02491203377902851,https://h5.1234567.com.cn/app/fund-details/?fCode=024162,大成北证50成份指数发起式C
163812,1.5755,0.024915430653135617,https://h5.1234567.com.cn/app/fund-details/?fCode=163812,中银双利债券B
022053,2.302199999999999,0.02497662615199636,https://h5.1234567.com.cn/app/fund-details/?fCode=022053,富国中证价值ETF联接E
013074,1.354000000000001,0.024981074943225545,https://h5.1234567.com.cn/app/fund-details/?fCode=013074,银河沪深300价值指数C
021932,1.058399999999999,0.02498547356188152,https://h5.1234567.com.cn/app/fund-details/?fCode=021932,兴业华证沪港深红利100指数C
021100,1.1481000000000003,0.025089285714285925,https://h5.1234567.com.cn/app/fund-details/?fCode=021100,博时中证红利ETF发起式联接C
005675,1.0391000000000004,0.025663804165433346,https://h5.1234567.com.cn/app/fund-details/?fCode=005675,易方达恒生国企ETF联接C
023183,1.0381999999999998,0.02568662319699655,https://h5.1234567.com.cn/app/fund-details/?fCode=023183,太平中证红利指数C
022903,0.9950000000000001,0.02577319587628879,https://h5.1234567.com.cn/app/fund-details/?fCode=022903,富国中证红利指数增强Y
021506,1.2243999999999993,0.026148172980220652,https://h5.1234567.com.cn/app/fund-details/?fCode=021506,华泰紫金智盈债券E
024243,1.0882999999999994,0.026214049976425624,https://h5.1234567.com.cn/app/fund-details/?fCode=024243,鹏华恒生中国央企ETF发起式联接I
023223,1.1764000000000001,0.02634793229802823,https://h5.1234567.com.cn/app/fund-details/?fCode=023223,鹏华恒生中国央企ETF发起式联接C
009871,1.1315000000000008,0.026396952104499993,https://h5.1234567.com.cn/app/fund-details/?fCode=009871,景顺长城景瑞收益债券C
018032,1.0717999999999996,0.026431718061673548,https://h5.1234567.com.cn/app/fund-details/?fCode=018032,华安中证数字经济主题ETF发起式联接C
007800,1.1527999999999992,0.026444662095983507,https://h5.1234567.com.cn/app/fund-details/?fCode=007800,申万菱信沪深300价值指数C
022055,1.1510000000000007,0.026670234591027242,https://h5.1234567.com.cn/app/fund-details/?fCode=022055,富国中证消费50ETF联接E
006355,1.1985999999999999,0.026726057906458767,https://h5.1234567.com.cn/app/fund-details/?fCode=006355,华宝港股通恒生中国(香港上市)30ETF联接(LOF)C
010103,1.0576999999999996,0.02689320388349481,https://h5.1234567.com.cn/app/fund-details/?fCode=010103,西部利得鑫泓增强债券C
015558,1.5309000000000017,0.026898309632413353,https://h5.1234567.com.cn/app/fund-details/?fCode=015558,万家中证红利ETF联接C
021400,1.1737000000000002,0.027038851942597253,https://h5.1234567.com.cn/app/fund-details/?fCode=021400,广发中证红利ETF发起式联接C
022925,1.3110000000000008,0.02710748981510558,https://h5.1234567.com.cn/app/fund-details/?fCode=022925,易方达中证红利ETF联接发起式Y
012644,1.1625000000000005,0.02721569320491346,https://h5.1234567.com.cn/app/fund-details/?fCode=012644,招商中证红利ETF联接C
009052,1.3019999999999987,0.0272189349112415,https://h5.1234567.com.cn/app/fund-details/?fCode=009052,易方达中证红利ETF联接发起式C
005555,0.8677999999999999,0.027225378787878673,https://h5.1234567.com.cn/app/fund-details/?fCode=005555,南方恒生国企ETF联接C
008682,0.9749999999999996,0.027397260273972268,https://h5.1234567.com.cn/app/fund-details/?fCode=008682,富国中证红利指数增强C
016363,1.1490000000000018,0.027452383081464582,https://h5.1234567.com.cn/app/fund-details/?fCode=016363,招商中证红利ETF联接E
019409,1.4212999999999987,0.02761911647747728,https://h5.1234567.com.cn/app/fund-details/?fCode=019409,易方达中证港股通中国100ETF联接发起式C
023065,1.0998,0.027850467289719738,https://h5.1234567.com.cn/app/fund-details/?fCode=023065,申万菱信沪深300价值ETF联接C
014994,1.5029000000000003,0.02790506805280102,https://h5.1234567.com.cn/app/fund-details/?fCode=014994,国泰金融ETF联接C
022720,1.1280000000000001,0.027977763601567673,https://h5.1234567.com.cn/app/fund-details/?fCode=022720,广发中证国新港股通央企红利ETF发起式联接C
024368,1.114300000000001,0.028141723565234145,https://h5.1234567.com.cn/app/fund-details/?fCode=024368,华宝沪深300自由现金流ETF联接C
015932,1.1530000000000005,0.028179061886927537,https://h5.1234567.com.cn/app/fund-details/?fCode=015932,金鹰恒润债券发起式C
009329,1.0725999999999996,0.028182515337422887,https://h5.1234567.com.cn/app/fund-details/?fCode=009329,华宝中证消费龙头指数(LOF)C
022169,2.7678999999999974,0.0282328466882118,https://h5.1234567.com.cn/app/fund-details/?fCode=022169,大成中证红利指数E
025571,1.0254000000000003,0.02848545636910771,https://h5.1234567.com.cn/app/fund-details/?fCode=025571,鹏安中证红利指数C
021039,1.1084999999999994,0.028579382017258403,https://h5.1234567.com.cn/app/fund-details/?fCode=021039,银华沪深300价值ETF发起式联接C
025190,0.9805000000000001,0.029072208228379637,https://h5.1234567.com.cn/app/fund-details/?fCode=025190,交银中证港股通央企红利指数C
022133,1.1184000000000003,0.029360331339162604,https://h5.1234567.com.cn/app/fund-details/?fCode=022133,富国增利债券发起式E
021378,0.9893999999999998,0.029445427114764167,https://h5.1234567.com.cn/app/fund-details/?fCode=021378,兴业中证港股通互联网指数发起式C
022134,1.1167000000000007,0.02950124458375658,https://h5.1234567.com.cn/app/fund-details/?fCode=022134,富国增利债券发起式F
021143,1.4611999999999998,0.02966669015573231,https://h5.1234567.com.cn/app/fund-details/?fCode=021143,华夏港股通央企红利ETF联接C
022136,1.1457000000000015,0.02975013481934341,https://h5.1234567.com.cn/app/fund-details/?fCode=022136,富国长江经济带纯债债券E
024253,1.0797999999999996,0.029852169766332537,https://h5.1234567.com.cn/app/fund-details/?fCode=024253,申万菱信中证红利指数C
021093,0.7848999999999995,0.030052493438319505,https://h5.1234567.com.cn/app/fund-details/?fCode=021093,广发中证港股通互联网ETF发起式联接C
023163,1.157,0.03009259259259256,https://h5.1234567.com.cn/app/fund-details/?fCode=023163,银河上证国有企业红利ETF发起式联接C
023573,1.1323000000000008,0.030300272975432918,https://h5.1234567.com.cn/app/fund-details/?fCode=023573,万家中证港股通央企红利ETF联接C
024372,0.9797999999999996,0.030392259964243884,https://h5.1234567.com.cn/app/fund-details/?fCode=024372,天弘中证港股通央企红利ETF联接C
024226,0.9960000000000004,0.030949177103819947,https://h5.1234567.com.cn/app/fund-details/?fCode=024226,长城沪深300自由现金流指数C
024614,1.1179999999999994,0.03117505995203773,https://h5.1234567.com.cn/app/fund-details/?fCode=024614,摩根沪深300自由现金流ETF联接C
025330,0.7213000000000003,0.03131255361738661,https://h5.1234567.com.cn/app/fund-details/?fCode=025330,银华恒生国企指数(QDII-LOF)C
013508,1.198599999999999,0.03131991051454053,https://h5.1234567.com.cn/app/fund-details/?fCode=013508,广发亚太中高收益债(QDII)C
023535,0.9982999999999991,0.031408203326789064,https://h5.1234567.com.cn/app/fund-details/?fCode=023535,永赢中证港股通央企红利ETF联接C
023074,1.2377000000000002,0.031502625218768454,https://h5.1234567.com.cn/app/fund-details/?fCode=023074,国泰海通中证港股通高股息投资指数发起(QDII)C
022291,1.0467000000000004,0.03194321206743611,https://h5.1234567.com.cn/app/fund-details/?fCode=022291,兴业中证红利指数C
021972,1.1574999999999989,0.03200784593437844,https://h5.1234567.com.cn/app/fund-details/?fCode=021972,南方中证国新港股通央企红利ETF发起联接C
023105,1.0282,0.032122063842601856,https://h5.1234567.com.cn/app/fund-details/?fCode=023105,中银中证港股通高股息投资指数C
024706,1.0394000000000005,0.03217477656405232,https://h5.1234567.com.cn/app/fund-details/?fCode=024706,嘉实中证港股通高股息投资ETF发起联接C
023427,0.7441,0.032181994728811114,https://h5.1234567.com.cn/app/fund-details/?fCode=023427,中欧恒生沪深港汽车主题指数发起C
022073,1.1762000000000006,0.03229770054414649,https://h5.1234567.com.cn/app/fund-details/?fCode=022073,天弘中证港股通高股息投资指数发起C
025437,0.9940000000000007,0.03229826565583216,https://h5.1234567.com.cn/app/fund-details/?fCode=025437,金鹰中证港股通高股息投资指数C
024754,1.1767000000000003,0.03246468368869038,https://h5.1234567.com.cn/app/fund-details/?fCode=024754,天弘中证港股通高股息投资指数发起E
023390,1.1519000000000004,0.03253854428110481,https://h5.1234567.com.cn/app/fund-details/?fCode=023390,易方达中证港股通高股息投资ETF联接发起式C
022793,0.9284000000000003,0.03281788853042644,https://h5.1234567.com.cn/app/fund-details/?fCode=022793,鹏华中证港股通消费ETF联接I
016953,0.9722000000000004,0.03282694146393328,https://h5.1234567.com.cn/app/fund-details/?fCode=016953,鹏华中证港股通消费ETF联接C
015545,0.4155,0.033325043521512,https://h5.1234567.com.cn/app/fund-details/?fCode=015545,大成标普500等权重指数(QDII)C美元
021689,0.9042000000000003,0.03337142857142905,https://h5.1234567.com.cn/app/fund-details/?fCode=021689,国泰汽车整车ETF联接E
024228,1.0220999999999996,0.03357265648700536,https://h5.1234567.com.cn/app/fund-details/?fCode=024228,东方红中证港股通高股息投资指数C
019163,1.3248000000000015,0.03459586099180134,https://h5.1234567.com.cn/app/fund-details/?fCode=019163,汇添富中证800价值ETF发起式联接C
017833,0.9744000000000006,0.03461456784880079,https://h5.1234567.com.cn/app/fund-details/?fCode=017833,华夏中证港股通消费主题ETF发起式联接C
021584,1.1828000000000003,0.03482064741907287,https://h5.1234567.com.cn/app/fund-details/?fCode=021584,中欧中证港股通央企红利指数发起(QDII)C
018104,1.0077999999999996,0.034914766892585325,https://h5.1234567.com.cn/app/fund-details/?fCode=018104,易方达中证港股通消费主题ETF发起式联接C
013121,1.2877,0.03529506351503464,https://h5.1234567.com.cn/app/fund-details/?fCode=013121,中信保诚中证800金融指数(LOF)C
017126,0.7611999999999997,0.03536452665941203,https://h5.1234567.com.cn/app/fund-details/?fCode=017126,华宝中证港股通互联网ETF发起联接C
015503,1.1034000000000015,0.03547297297297436,https://h5.1234567.com.cn/app/fund-details/?fCode=015503,中欧中短债债券发起C
020744,0.9211999999999998,0.03552158273381267,https://h5.1234567.com.cn/app/fund-details/?fCode=020744,广发恒生消费ETF发起式联接(QDII)C
025294,0.9320000000000004,0.03578573016225861,https://h5.1234567.com.cn/app/fund-details/?fCode=025294,平安恒生指数增强C
024190,0.8434999999999997,0.03611349957007692,https://h5.1234567.com.cn/app/fund-details/?fCode=024190,华泰柏瑞恒生消费ETF发起式联接C
025726,0.6417000000000002,0.03616986920716969,https://h5.1234567.com.cn/app/fund-details/?fCode=025726,博时中证港股通互联网ETF发起式联接C
010546,1.1509999999999998,0.03637673329731661,https://h5.1234567.com.cn/app/fund-details/?fCode=010546,中加聚隆持有期混合C
022501,2.418700000000001,0.036600522864612905,https://h5.1234567.com.cn/app/fund-details/?fCode=022501,国泰中证煤炭ETF联接E
019103,0.9173,0.03673146473779387,https://h5.1234567.com.cn/app/fund-details/?fCode=019103,景顺长城恒生消费ETF联接(QDII)C
005676,2.7559999999999985,0.03686982693754648,https://h5.1234567.com.cn/app/fund-details/?fCode=005676,易方达标普消费品指数C
024394,0.8065000000000007,0.03703227465603787,https://h5.1234567.com.cn/app/fund-details/?fCode=024394,永赢恒生消费指数发起(QDII)C
025427,0.9552,0.03724617222282545,https://h5.1234567.com.cn/app/fund-details/?fCode=025427,国联中证港股通综合指数增强C
018647,1.2520999999999995,0.03727943003893586,https://h5.1234567.com.cn/app/fund-details/?fCode=018647,易方达中证家电龙头ETF联接发起式C
025187,0.5942999999999996,0.03735381392913184,https://h5.1234567.com.cn/app/fund-details/?fCode=025187,中银中证港股通互联网指数发起C
023243,0.8372999999999995,0.037803668815071356,https://h5.1234567.com.cn/app/fund-details/?fCode=023243,中欧恒生消费指数发起(QDII)C
019314,0.8532999999999995,0.037825346630989465,https://h5.1234567.com.cn/app/fund-details/?fCode=019314,易方达中证港股通互联网ETF发起式联接C
013275,2.359,0.03783545974483049,https://h5.1234567.com.cn/app/fund-details/?fCode=013275,富国中证煤炭指数(LOF)C
021962,1.0541,0.03790862544308782,https://h5.1234567.com.cn/app/fund-details/?fCode=021962,景顺长城中证国新港股通央企红利ETF联接C
018201,0.7583999999999991,0.0380509170544745,https://h5.1234567.com.cn/app/fund-details/?fCode=018201,嘉实恒生消费ETF发起联接(QDII)C
016814,2.171999999999999,0.03824091778202621,https://h5.1234567.com.cn/app/fund-details/?fCode=016814,国联中证煤炭指数C
014674,0.6301000000000001,0.03839815425181303,https://h5.1234567.com.cn/app/fund-details/?fCode=014674,富国中证港股通互联网ETF发起式联接C
024030,0.9693999999999998,0.03867995285545889,https://h5.1234567.com.cn/app/fund-details/?fCode=024030,招商恒生港股通高股息低波动ETF发起式联接C
025938,0.9362000000000004,0.038721846222123935,https://h5.1234567.com.cn/app/fund-details/?fCode=025938,华泰柏瑞恒生港股通高股息低波动ETF发起式联接C
019486,1.1532999999999998,0.03872827163829573,https://h5.1234567.com.cn/app/fund-details/?fCode=019486,金元顺安沣泉债券C
018061,0.9394000000000005,0.0389294403892948,https://h5.1234567.com.cn/app/fund-details/?fCode=018061,汇添富中证上海国企ETF联接C
005734,1.3888999999999996,0.03912913362262427,https://h5.1234567.com.cn/app/fund-details/?fCode=005734,华夏沪港通恒生ETF联接C
023411,1.057100000000001,0.0397364020851787,https://h5.1234567.com.cn/app/fund-details/?fCode=023411,天弘恒生港股通高股息低波动指数C
010789,1.1372999999999998,0.03995976591075334,https://h5.1234567.com.cn/app/fund-details/?fCode=010789,汇添富恒生指数(QDII-LOF)C
025225,0.9224999999999994,0.04002254791431725,https://h5.1234567.com.cn/app/fund-details/?fCode=025225,富国恒指港股通ETF发起式联接C
019261,1.2726999999999986,0.040042494075344104,https://h5.1234567.com.cn/app/fund-details/?fCode=019261,富国恒生红利ETF联接C
021923,1.1480000000000015,0.040043486138794604,https://h5.1234567.com.cn/app/fund-details/?fCode=021923,博时中证国新央企现代能源ETF发起式联接C
025498,1.1207000000000011,0.04038247307835241,https://h5.1234567.com.cn/app/fund-details/?fCode=025498,易方达国证价值100ETF联接发起式C
021023,1.1561000000000003,0.04050040500405028,https://h5.1234567.com.cn/app/fund-details/?fCode=021023,南方恒生指数ETF联接I
015546,0.9879000000000007,0.0405519275331796,https://h5.1234567.com.cn/app/fund-details/?fCode=015546,大成恒生指数(QDII-LOF)C
019593,1.2787000000000006,0.040608723958333925,https://h5.1234567.com.cn/app/fund-details/?fCode=019593,嘉实中证国新央企现代能源ETF联接C
012903,1.1322999999999999,0.04071691176470571,https://h5.1234567.com.cn/app/fund-details/?fCode=012903,平安添悦债券C
024193,1.070100000000001,0.04075082668741592,https://h5.1234567.com.cn/app/fund-details/?fCode=024193,国投瑞银中证全指公用事业指数发起式C
023480,1.0484999999999998,0.040798094103632776,https://h5.1234567.com.cn/app/fund-details/?fCode=023480,万家中证全指公用事业ETF联接C
022873,1.0589000000000004,0.04089255873390374,https://h5.1234567.com.cn/app/fund-details/?fCode=022873,华夏公用事业ETF联接C
009975,2.7089999999999996,0.04112221368178326,https://h5.1234567.com.cn/app/fund-details/?fCode=009975,华宝标普美国消费人民币C
253061,1.1971999999999987,0.041224560793180265,https://h5.1234567.com.cn/app/fund-details/?fCode=253061,国联安信心增长债券B
021702,1.0958000000000006,0.041239072595971704,https://h5.1234567.com.cn/app/fund-details/?fCode=021702,国泰上证国企红利ETF联接C
021458,1.2013999999999996,0.041616091555401136,https://h5.1234567.com.cn/app/fund-details/?fCode=021458,易方达恒生红利低波ETF联接C
022512,1.02,0.04209235798937483,https://h5.1234567.com.cn/app/fund-details/?fCode=022512,南方亚洲美元收益债券(QDII)E(人民币)
020196,1.1412000000000004,0.042667884878940576,https://h5.1234567.com.cn/app/fund-details/?fCode=020196,汇添富中证红利ETF发起式联接C
017718,1.1219999999999999,0.04294478527607337,https://h5.1234567.com.cn/app/fund-details/?fCode=017718,嘉实多盈债券C
008401,2.827300000000001,0.043091680501752716,https://h5.1234567.com.cn/app/fund-details/?fCode=008401,大成标普500等权重指数(QDII)C人民币
021013,1.4964999999999993,0.04438551189894557,https://h5.1234567.com.cn/app/fund-details/?fCode=021013,南方中证银行ETF发起联接I
012547,1.4710999999999999,0.04540932347924942,https://h5.1234567.com.cn/app/fund-details/?fCode=012547,南方中证银行ETF发起联接E
023187,1.0354,0.04543618739903077,https://h5.1234567.com.cn/app/fund-details/?fCode=023187,国联安红利慧选混合发起式C
018388,1.3815999999999988,0.04579517069108996,https://h5.1234567.com.cn/app/fund-details/?fCode=018388,华泰柏瑞港股通红利ETF联接基金C
024497,1.2147999999999994,0.046159145711332616,https://h5.1234567.com.cn/app/fund-details/?fCode=024497,鑫元华证沪深港红利50指数I
025681,0.9219999999999997,0.04737021469953406,https://h5.1234567.com.cn/app/fund-details/?fCode=025681,广发中证800自由现金流ETF发起式联接C
022326,1.1517999999999997,0.047662361287974964,https://h5.1234567.com.cn/app/fund-details/?fCode=022326,长城中证港股通高股息指数发起(QDII)C
021562,1.2263000000000002,0.04820924865373133,https://h5.1234567.com.cn/app/fund-details/?fCode=021562,天弘中证央企红利50指数发起C
024579,1.0752999999999995,0.04825502047182639,https://h5.1234567.com.cn/app/fund-details/?fCode=024579,万家中证800自由现金流ETF联接C
024625,1.0557000000000007,0.048361469712016714,https://h5.1234567.com.cn/app/fund-details/?fCode=024625,苏新中证800自由现金流指数C
021882,1.2123999999999997,0.04851682089423126,https://h5.1234567.com.cn/app/fund-details/?fCode=021882,鑫元华证沪深港红利50指数C
013596,2.5084999999999997,0.0487040133779264,https://h5.1234567.com.cn/app/fund-details/?fCode=013596,招商中证煤炭等权指数(LOF)C
016347,2.490899999999998,0.048932496736429076,https://h5.1234567.com.cn/app/fund-details/?fCode=016347,招商中证煤炭等权指数(LOF)E
021125,1.4158999999999988,0.049203408669876936,https://h5.1234567.com.cn/app/fund-details/?fCode=021125,博时上证超大盘ETF联接C
024656,1.1027999999999993,0.04928639391056078,https://h5.1234567.com.cn/app/fund-details/?fCode=024656,鹏华中证800自由现金流ETF联接C
024657,1.104099999999999,0.04932522334156908,https://h5.1234567.com.cn/app/fund-details/?fCode=024657,鹏华中证800自由现金流ETF联接I
024894,1.0585000000000004,0.04957858205255383,https://h5.1234567.com.cn/app/fund-details/?fCode=024894,易方达中证国资央企50ETF联接发起式C
020250,1.2481000000000018,0.04997055606965728,https://h5.1234567.com.cn/app/fund-details/?fCode=020250,中银中证央企红利50指数C
040023,2.0709999999999997,0.05020283975659212,https://h5.1234567.com.cn/app/fund-details/?fCode=040023,华安可转债债券B
024571,1.0947000000000005,0.050273433752278995,https://h5.1234567.com.cn/app/fund-details/?fCode=024571,银华国证自由现金流ETF联接C
024793,1.0866999999999996,0.05035762613570416,https://h5.1234567.com.cn/app/fund-details/?fCode=024793,鑫元中证800自由现金流指数C
024118,1.0147999999999997,0.050517598343684966,https://h5.1234567.com.cn/app/fund-details/?fCode=024118,中欧国证自由现金流指数C
024079,1.071699999999999,0.05058327614939606,https://h5.1234567.com.cn/app/fund-details/?fCode=024079,长城国证自由现金流指数C
024762,1.0946000000000007,0.050681512766366454,https://h5.1234567.com.cn/app/fund-details/?fCode=024762,富国中证800自由现金流ETF联接C
024219,1.1255999999999986,0.05068608232987826,https://h5.1234567.com.cn/app/fund-details/?fCode=024219,融通中证诚通央企红利ETF联接C
024003,1.1899999999999995,0.05151541928072767,https://h5.1234567.com.cn/app/fund-details/?fCode=024003,汇添富国证自由现金流ETF联接C
021946,1.3946999999999994,0.05165133464032534,https://h5.1234567.com.cn/app/fund-details/?fCode=021946,广发中证国新央企股东回报ETF发起式联接F
019518,1.2778,0.051687242798353905,https://h5.1234567.com.cn/app/fund-details/?fCode=019518,富国全球债券(QDII)人民币C
020096,1.2416,0.05193594848767269,https://h5.1234567.com.cn/app/fund-details/?fCode=020096,富国中证绿色电力ETF发起式联接C
015484,0.9111000000000007,0.05195704883962682,https://h5.1234567.com.cn/app/fund-details/?fCode=015484,前海开源中证大农业指数增强C
018735,1.1338000000000017,0.05195769159398922,https://h5.1234567.com.cn/app/fund-details/?fCode=018735,华夏中证绿色电力ETF发起式联接C
019059,1.1982,0.05206778470453943,https://h5.1234567.com.cn/app/fund-details/?fCode=019059,易方达中证绿色电力ETF联接发起式C
019429,1.3834999999999997,0.05209125475285159,https://h5.1234567.com.cn/app/fund-details/?fCode=019429,广发中证国新央企股东回报ETF发起式联接C
024327,1.0529000000000002,0.05216348556010808,https://h5.1234567.com.cn/app/fund-details/?fCode=024327,农银中证800自由现金流指数C
024746,1.054399999999999,0.052190400159663586,https://h5.1234567.com.cn/app/fund-details/?fCode=024746,汇添富中证800自由现金流ETF联接C
024567,0.9821999999999997,0.052281979858581185,https://h5.1234567.com.cn/app/fund-details/?fCode=024567,易方达国证自由现金流ETF联接C
024074,1.1378999999999992,0.052344400258947044,https://h5.1234567.com.cn/app/fund-details/?fCode=024074,上银国证自由现金流指数C
016279,0.1845,0.0524814603536794,https://h5.1234567.com.cn/app/fund-details/?fCode=016279,广发美国房地产指数美元现汇(QDII)C
024575,1.1334999999999997,0.052656017830609025,https://h5.1234567.com.cn/app/fund-details/?fCode=024575,嘉实国证自由现金流ETF联接C
019545,1.3882000000000012,0.05286310200986066,https://h5.1234567.com.cn/app/fund-details/?fCode=019545,招商中证国新央企股东回报ETF发起式联接C
006127,1.3248000000000006,0.05318387789172485,https://h5.1234567.com.cn/app/fund-details/?fCode=006127,华宝港股通标普香港上市中国中小盘指数(LOF)C
002977,0.9595000000000002,0.05323819978046118,https://h5.1234567.com.cn/app/fund-details/?fCode=002977,广发中证全指可选消费联接C
005998,1.4233000000000011,0.053359976317348456,https://h5.1234567.com.cn/app/fund-details/?fCode=005998,嘉实深证基本面120联接C
023918,1.2289999999999992,0.05339847432930411,https://h5.1234567.com.cn/app/fund-details/?fCode=023918,华夏国证自由现金流ETF发起式联接C
022663,1.4029000000000007,0.05354460799038807,https://h5.1234567.com.cn/app/fund-details/?fCode=022663,华泰柏瑞港股通红利ETF联接基金I
019366,1.2700999999999993,0.054112374470909774,https://h5.1234567.com.cn/app/fund-details/?fCode=019366,汇添富中证国新央企股东回报ETF联接C
025169,1.0508000000000006,0.05459654757125709,https://h5.1234567.com.cn/app/fund-details/?fCode=025169,永赢国证自由现金流ETF联接C
519677,3.8910000000000036,0.05618892508143425,https://h5.1234567.com.cn/app/fund-details/?fCode=519677,银河定投宝
012414,0.5585999999999998,0.05655381123510472,https://h5.1234567.com.cn/app/fund-details/?fCode=012414,招商中证白酒指数(LOF)C
024248,1.0130999999999997,0.0566332916145178,https://h5.1234567.com.cn/app/fund-details/?fCode=024248,工银中证港股通高股息精选ETF联接C
004533,1.179100000000001,0.05748878923766898,https://h5.1234567.com.cn/app/fund-details/?fCode=004533,民生加银港股通高股息C
021366,1.0535000000000005,0.057837132242193556,https://h5.1234567.com.cn/app/fund-details/?fCode=021366,华夏中证全指可选消费ETF发起式联接C
019887,1.1105999999999998,0.057915793484472955,https://h5.1234567.com.cn/app/fund-details/?fCode=019887,南方国证交通运输行业ETF发起联接C
019495,1.5088999999999988,0.05806044456910375,https://h5.1234567.com.cn/app/fund-details/?fCode=019495,摩根富时发达市场REITs指数(QDII)人民币C
018476,0.8188000000000004,0.05856496444731807,https://h5.1234567.com.cn/app/fund-details/?fCode=018476,万家恒生互联网科技业ETF发起式联接(QDII)C
013889,0.8354999999999997,0.05933815138836018,https://h5.1234567.com.cn/app/fund-details/?fCode=013889,天弘新华沪港深新兴消费品牌指数C
018524,0.7763999999999998,0.0594978165938862,https://h5.1234567.com.cn/app/fund-details/?fCode=018524,华泰紫金恒生互联网科技业指数型发起基金(QDII)C
018238,0.9759000000000002,0.05972418286458914,https://h5.1234567.com.cn/app/fund-details/?fCode=018238,广发恒生中型股指数(LOF)E
023764,0.5725000000000002,0.06097108969607157,https://h5.1234567.com.cn/app/fund-details/?fCode=023764,华夏恒生互联网科技业ETF发起式联接(QDII)D
024370,1.0109999999999992,0.061194499842551986,https://h5.1234567.com.cn/app/fund-details/?fCode=024370,天弘富时自由现金流指数C
024835,1.0646000000000004,0.06141575274177513,https://h5.1234567.com.cn/app/fund-details/?fCode=024835,博时中证全指自由现金流ETF联接E
017482,1.2179000000000002,0.06144326302945813,https://h5.1234567.com.cn/app/fund-details/?fCode=017482,博时中证全指电力ETF发起式联接C
019937,1.0917000000000012,0.061551925320888046,https://h5.1234567.com.cn/app/fund-details/?fCode=019937,华安恒生互联网科技业ETF发起式联接(QDII)C
016278,1.255,0.06175972927241968,https://h5.1234567.com.cn/app/fund-details/?fCode=016278,广发美国房地产指数人民币(QDII)C
024834,1.0618000000000007,0.06180000000000074,https://h5.1234567.com.cn/app/fund-details/?fCode=024834,博时中证全指自由现金流ETF联接C
021753,1.0361999999999991,0.06222450025627779,https://h5.1234567.com.cn/app/fund-details/?fCode=021753,南方中证全指电力公用事业ETF发起联接C
022959,1.1197999999999997,0.06273132770238177,https://h5.1234567.com.cn/app/fund-details/?fCode=022959,华夏上证50ETF联接Y
007380,1.3594999999999997,0.06285669611445543,https://h5.1234567.com.cn/app/fund-details/?fCode=007380,易方达上证50ETF联接基金C
021723,1.174900000000001,0.06287316808395249,https://h5.1234567.com.cn/app/fund-details/?fCode=021723,广发上证50ETF发起式联接C
014980,1.6156000000000006,0.06296466872820616,https://h5.1234567.com.cn/app/fund-details/?fCode=014980,华安上证50ETF联接C
024603,1.0774,0.06315373988553374,https://h5.1234567.com.cn/app/fund-details/?fCode=024603,方正富邦中证全指自由现金流ETF联接C
005733,1.0951999999999984,0.06319774779147491,https://h5.1234567.com.cn/app/fund-details/?fCode=005733,华夏上证50ETF联接C
013444,1.4050000000000011,0.06334670400363374,https://h5.1234567.com.cn/app/fund-details/?fCode=013444,建信上证50ETF发起联接E
006221,1.4725000000000001,0.0634072362244531,https://h5.1234567.com.cn/app/fund-details/?fCode=006221,工银上证50ETF联接C
022956,1.5549999999999997,0.06361149110807096,https://h5.1234567.com.cn/app/fund-details/?fCode=022956,天弘上证50ETF联接Y
018035,1.1104000000000003,0.0637034198678037,https://h5.1234567.com.cn/app/fund-details/?fCode=018035,国泰国证绿色电力ETF发起联接C
017175,1.1391999999999998,0.06377813054440162,https://h5.1234567.com.cn/app/fund-details/?fCode=017175,天弘国证绿色电力指数发起C
005737,1.3965000000000005,0.06391893950937111,https://h5.1234567.com.cn/app/fund-details/?fCode=005737,博时上证50ETF联接C
001549,1.5165000000000006,0.06398652915175806,https://h5.1234567.com.cn/app/fund-details/?fCode=001549,天弘上证50ETF联接C
024637,1.0589000000000013,0.06411415938096798,https://h5.1234567.com.cn/app/fund-details/?fCode=024637,招商沪深300增强策略ETF发起式联接C
008241,1.4145000000000003,0.06417393921155612,https://h5.1234567.com.cn/app/fund-details/?fCode=008241,东财上证50C
018173,1.2051999999999996,0.06428823737195288,https://h5.1234567.com.cn/app/fund-details/?fCode=018173,华泰柏瑞中证电力全指ETF发起式联接C
013472,0.7576,0.06434391683057039,https://h5.1234567.com.cn/app/fund-details/?fCode=013472,华宝中证全指农牧渔ETF发起式联接C
024263,1.300699999999999,0.06440261865793717,https://h5.1234567.com.cn/app/fund-details/?fCode=024263,华夏中证红利质量ETF发起式联接D
012875,1.2806000000000006,0.06450540315877018,https://h5.1234567.com.cn/app/fund-details/?fCode=012875,易方达上证50指数(LOF)C
017057,1.1631999999999998,0.06461651107450095,https://h5.1234567.com.cn/app/fund-details/?fCode=017057,嘉实国证绿色电力ETF发起联接C
024903,1.0337999999999998,0.06511436225015443,https://h5.1234567.com.cn/app/fund-details/?fCode=024903,中银中证全指自由现金流ETF联接C
024779,0.9666999999999999,0.06511679153812255,https://h5.1234567.com.cn/app/fund-details/?fCode=024779,金鹰中证全指自由现金流指数C
025004,0.9838999999999998,0.06517267511096647,https://h5.1234567.com.cn/app/fund-details/?fCode=025004,泰信中证全指自由现金流指数C
024384,0.9929000000000006,0.06534334763948557,https://h5.1234567.com.cn/app/fund-details/?fCode=024384,万家上证50ETF发起式联接C
016186,1.147499999999999,0.06545961002785439,https://h5.1234567.com.cn/app/fund-details/?fCode=016186,广发中证全指电力ETF发起式联接C
019066,1.7928000000000015,0.0662543118829555,https://h5.1234567.com.cn/app/fund-details/?fCode=019066,博时央创ETF联接E
021540,1.0845000000000011,0.06626683708583347,https://h5.1234567.com.cn/app/fund-details/?fCode=021540,华安法国CAC40ETF发起式联接(QDII)C
024623,1.1046999999999993,0.06631274131274068,https://h5.1234567.com.cn/app/fund-details/?fCode=024623,华泰柏瑞中证全指自由现金流ETF联接C
024888,1.0426999999999995,0.06637349151155614,https://h5.1234567.com.cn/app/fund-details/?fCode=024888,平安中证全指自由现金流ETF联接C
022850,1.2152000000000003,0.06643264589732367,https://h5.1234567.com.cn/app/fund-details/?fCode=022850,招商中证A50指数增强发起式C
024617,1.1567999999999996,0.06646999170277468,https://h5.1234567.com.cn/app/fund-details/?fCode=024617,大成中证全指自由现金流ETF发起式联接C
021862,1.710300000000001,0.06660430308699783,https://h5.1234567.com.cn/app/fund-details/?fCode=021862,嘉实央企创新驱动ETF联接I
015016,2.0485999999999995,0.06664583984171579,https://h5.1234567.com.cn/app/fund-details/?fCode=015016,华安德国(DAX)联接(QDII)C
007793,1.704200000000001,0.06665832133692251,https://h5.1234567.com.cn/app/fund-details/?fCode=007793,嘉实央企创新驱动ETF联接C
007785,1.8599999999999994,0.06675843083275956,https://h5.1234567.com.cn/app/fund-details/?fCode=007785,广发央企创新驱动ETF联接C
022135,1.1720999999999995,0.06680622553927318,https://h5.1234567.com.cn/app/fund-details/?fCode=022135,富国长江经济带纯债债券C
006395,1.7460000000000004,0.06723716381418132,https://h5.1234567.com.cn/app/fund-details/?fCode=006395,华夏上证50AH优选指数C
024401,1.1174000000000008,0.06723973256924642,https://h5.1234567.com.cn/app/fund-details/?fCode=024401,国投瑞银中证全指自由现金流指数发起式C
024905,1.0945,0.06728425158459284,https://h5.1234567.com.cn/app/fund-details/?fCode=024905,招商资管中证全指自由现金流指数发起C
024771,1.0470000000000006,0.06749592169657492,https://h5.1234567.com.cn/app/fund-details/?fCode=024771,华富中证全指自由现金流ETF联接C
022054,1.8569000000000004,0.0675520294354377,https://h5.1234567.com.cn/app/fund-details/?fCode=022054,富国中证央企创新驱动ETF联接E
021823,1.3825000000000012,0.06765001158390715,https://h5.1234567.com.cn/app/fund-details/?fCode=021823,景顺长城国证石油天然气ETF发起式联接基金C
023920,1.0780000000000012,0.06859635210150805,https://h5.1234567.com.cn/app/fund-details/?fCode=023920,国泰富时现金流ETF联接C
022861,1.2726999999999995,0.06922624548433132,https://h5.1234567.com.cn/app/fund-details/?fCode=022861,鹏华国证石油天然气ETF联接I
024139,1.2259000000000002,0.06934752267969313,https://h5.1234567.com.cn/app/fund-details/?fCode=024139,鹏华上证180ETF发起式联接I
019828,1.2494000000000005,0.06941710177180571,https://h5.1234567.com.cn/app/fund-details/?fCode=019828,鹏华国证石油天然气ETF联接C
023200,1.2043,0.06963318234301452,https://h5.1234567.com.cn/app/fund-details/?fCode=023200,鹏华上证180ETF发起式联接C
023149,1.2033999999999994,0.06997421534631387,https://h5.1234567.com.cn/app/fund-details/?fCode=023149,兴业上证180ETF联接C
019280,1.0849000000000002,0.07023774292196916,https://h5.1234567.com.cn/app/fund-details/?fCode=019280,嘉实中证大农业ETF发起联接C
025959,0.9911000000000003,0.070996325913119,https://h5.1234567.com.cn/app/fund-details/?fCode=025959,南方中证全指自由现金流ETF联接C
024609,1.2078999999999995,0.0712131961688538,https://h5.1234567.com.cn/app/fund-details/?fCode=024609,平安上证180ETF联接E
023548,1.2039999999999997,0.07155571377714476,https://h5.1234567.com.cn/app/fund-details/?fCode=023548,平安上证180ETF联接C
024403,1.0081999999999995,0.07186901977461146,https://h5.1234567.com.cn/app/fund-details/?fCode=024403,渤海汇金中证全指自由现金流指数发起C
019500,2.6372,0.07251209890601484,https://h5.1234567.com.cn/app/fund-details/?fCode=019500,招商安瑞进取债券C
025479,1.0381,0.07252815373489008,https://h5.1234567.com.cn/app/fund-details/?fCode=025479,华夏上证180ETF联接C
021694,1.182999999999999,0.07252946509519398,https://h5.1234567.com.cn/app/fund-details/?fCode=021694,银华抗通胀主题(QDII-FOF-LOF)C
023181,1.228600000000002,0.07282570730003668,https://h5.1234567.com.cn/app/fund-details/?fCode=023181,华泰柏瑞上证180ETF联接I
023180,1.2254999999999994,0.07292943442479372,https://h5.1234567.com.cn/app/fund-details/?fCode=023180,华泰柏瑞上证180ETF联接C
020191,1.2219999999999995,0.07296514180349423,https://h5.1234567.com.cn/app/fund-details/?fCode=020191,农银上证180指数C
022646,1.9851999999999999,0.0730230798335223,https://h5.1234567.com.cn/app/fund-details/?fCode=022646,华安上证180ETF联接I
018947,2.524000000000001,0.07303800697219676,https://h5.1234567.com.cn/app/fund-details/?fCode=018947,汇添富沪深300安中指数C
014979,1.967699999999999,0.07331042382588726,https://h5.1234567.com.cn/app/fund-details/?fCode=014979,华安上证180ETF联接C
019359,1.7544000000000004,0.07335576628938534,https://h5.1234567.com.cn/app/fund-details/?fCode=019359,景顺长城中证500行业中性低波动指数C
023235,1.2350999999999992,0.07362656467315642,https://h5.1234567.com.cn/app/fund-details/?fCode=023235,银华上证180ETF发起式联接C
023236,1.2380000000000004,0.073813860699107,https://h5.1234567.com.cn/app/fund-details/?fCode=023236,银华上证180ETF发起式联接I
008828,0.7688000000000001,0.07434320849636689,https://h5.1234567.com.cn/app/fund-details/?fCode=008828,建信易盛郑商所能源化工期货ETF联接C
023231,1.2255999999999991,0.07442798281756735,https://h5.1234567.com.cn/app/fund-details/?fCode=023231,南方上证180ETF发起联接C
023229,1.2427000000000001,0.07444233097008479,https://h5.1234567.com.cn/app/fund-details/?fCode=023229,易方达上证180ETF联接C
010352,1.9213000000000005,0.07461267408691774,https://h5.1234567.com.cn/app/fund-details/?fCode=010352,诺安沪深300指数增强C
022741,1.0363000000000002,0.07477701721634555,https://h5.1234567.com.cn/app/fund-details/?fCode=022741,万家180指数C
023253,1.222100000000001,0.07541358676522436,https://h5.1234567.com.cn/app/fund-details/?fCode=023253,天弘上证180ETF发起联接C
022962,2.8414,0.07616558724387401,https://h5.1234567.com.cn/app/fund-details/?fCode=022962,兴全沪深300指数增强(LOF)Y
022760,1.2330000000000005,0.07647983237297074,https://h5.1234567.com.cn/app/fund-details/?fCode=022760,华富安享债券C
010248,1.1820999999999993,0.07747698477805054,https://h5.1234567.com.cn/app/fund-details/?fCode=010248,惠升和泰纯债C
017435,0.9874,0.07747708424268884,https://h5.1234567.com.cn/app/fund-details/?fCode=017435,华宝中证沪港深新消费指数C
004743,2.5679999999999996,0.07754279959718002,https://h5.1234567.com.cn/app/fund-details/?fCode=004743,易方达上证中盘ETF联接C
021588,1.0847000000000007,0.07876678269517723,https://h5.1234567.com.cn/app/fund-details/?fCode=021588,广发景利纯债C
017856,1.1984999999999992,0.0812883435582814,https://h5.1234567.com.cn/app/fund-details/?fCode=017856,华夏中证石化产业ETF发起式联接C
008053,1.1646999999999998,0.08163075780089146,https://h5.1234567.com.cn/app/fund-details/?fCode=008053,工银湾创100ETF联接C
020105,1.5023999999999997,0.08210890233362123,https://h5.1234567.com.cn/app/fund-details/?fCode=020105,易方达化工行业ETF联接C
022586,1.2296000000000005,0.08229909338966679,https://h5.1234567.com.cn/app/fund-details/?fCode=022586,国泰中证钢铁ETF联接E
015210,1.0046999999999997,0.08241758241758212,https://h5.1234567.com.cn/app/fund-details/?fCode=015210,前海开源沪港深农业混合C
020114,1.524799999999999,0.08257011004614756,https://h5.1234567.com.cn/app/fund-details/?fCode=020114,易方达中证沪港深500ETF发起式联接C
023833,1.4710999999999999,0.0828855355171143,https://h5.1234567.com.cn/app/fund-details/?fCode=023833,华泰柏瑞中证油气产业ETF发起式联接C
022077,1.1571999999999996,0.0833177307620292,https://h5.1234567.com.cn/app/fund-details/?fCode=022077,富国中证沪港深500ETF联接E
014415,0.8045,0.08350168350168352,https://h5.1234567.com.cn/app/fund-details/?fCode=014415,招商中证畜牧养殖ETF联接C
011133,1.2652999999999999,0.08423307626392451,https://h5.1234567.com.cn/app/fund-details/?fCode=011133,鹏扬沪深300质量成长低波动C
021358,0.6604000000000001,0.08475689881734572,https://h5.1234567.com.cn/app/fund-details/?fCode=021358,东财互联网E
020103,1.4738000000000007,0.08511264909439009,https://h5.1234567.com.cn/app/fund-details/?fCode=020103,易方达中证沪港深300ETF发起式联接C
021620,1.3813999999999993,0.0853236957888115,https://h5.1234567.com.cn/app/fund-details/?fCode=021620,天弘中证油气产业指数发起C
022475,0.7228000000000003,0.08593750000000044,https://h5.1234567.com.cn/app/fund-details/?fCode=022475,国泰中证畜牧养殖ETF联接E
012810,0.8920999999999997,0.0862047972726161,https://h5.1234567.com.cn/app/fund-details/?fCode=012810,鹏华国证钢铁行业指数(LOF)C
024184,1.0831,0.08625012536355436,https://h5.1234567.com.cn/app/fund-details/?fCode=024184,鹏华国证钢铁行业指数(LOF)I
007882,1.1136999999999997,0.08802266510355561,https://h5.1234567.com.cn/app/fund-details/?fCode=007882,易方达证券保险ETF联接C
016837,1.1264000000000003,0.08830917874396182,https://h5.1234567.com.cn/app/fund-details/?fCode=016837,国泰中证基建ETF发起联接C
024273,0.8166999999999995,0.08864302852572581,https://h5.1234567.com.cn/app/fund-details/?fCode=024273,华夏中证农业主题ETF发起式联接D
020501,1.5585000000000013,0.08879418750873369,https://h5.1234567.com.cn/app/fund-details/?fCode=020501,广发中证港股通非银ETF发起式联接C
024158,1.4244000000000003,0.08890757587340437,https://h5.1234567.com.cn/app/fund-details/?fCode=024158,鹏华沪深300指数量化增强I
007795,2.0891,0.08898040033361143,https://h5.1234567.com.cn/app/fund-details/?fCode=007795,申万菱信中证500指数增强C
023291,1.3748999999999993,0.0891159695817485,https://h5.1234567.com.cn/app/fund-details/?fCode=023291,鹏华沪深300指数量化增强C
018686,1.3789999999999996,0.08925750394944676,https://h5.1234567.com.cn/app/fund-details/?fCode=018686,博时证券公司ETF联接C
013276,1.0600000000000005,0.08941418293936332,https://h5.1234567.com.cn/app/fund-details/?fCode=013276,富国中证全指证券公司指数(LOF)C
022534,1.3390000000000004,0.0895036615134257,https://h5.1234567.com.cn/app/fund-details/?fCode=022534,景顺长城稳定收益债券F
016815,1.2020000000000008,0.08975521305530454,https://h5.1234567.com.cn/app/fund-details/?fCode=016815,国联国证钢铁指数C
001553,1.0692999999999988,0.0897880146759058,https://h5.1234567.com.cn/app/fund-details/?fCode=001553,天弘中证证券保险C
010770,0.7928999999999995,0.08989690721649413,https://h5.1234567.com.cn/app/fund-details/?fCode=010770,天弘中证农业主题ETF联接C
014984,1.1591999999999993,0.09060118543607065,https://h5.1234567.com.cn/app/fund-details/?fCode=014984,华安中证全指证券公司ETF联接C
024366,0.7024999999999997,0.0906691507529882,https://h5.1234567.com.cn/app/fund-details/?fCode=024366,华富华证沪深港汽车制造主题指数型发起式C
025194,0.9049,0.09076663452266165,https://h5.1234567.com.cn/app/fund-details/?fCode=025194,银华中证全指证券公司ETF发起式联接C
021029,1.2167000000000003,0.09091724199766915,https://h5.1234567.com.cn/app/fund-details/?fCode=021029,南方中证全指证券公司ETF联接I
017684,0.8349999999999995,0.09093284557094261,https://h5.1234567.com.cn/app/fund-details/?fCode=017684,华夏中证基建ETF发起式联接C
015693,1.3135000000000003,0.09103746158318837,https://h5.1234567.com.cn/app/fund-details/?fCode=015693,鹏华中证800证券保险指数(LOF)C
012700,1.1674000000000007,0.09113001215066885,https://h5.1234567.com.cn/app/fund-details/?fCode=012700,易方达中证全指证券公司ETF联接C
016843,1.2068000000000003,0.09123790577809943,https://h5.1234567.com.cn/app/fund-details/?fCode=016843,嘉实中证全指证券公司ETF发起联接C
012874,1.2815000000000012,0.09138136603645153,https://h5.1234567.com.cn/app/fund-details/?fCode=012874,易方达中证全指证券公司指数(LOF)C
004070,1.1715999999999998,0.09148500093161904,https://h5.1234567.com.cn/app/fund-details/?fCode=004070,南方中证全指证券公司ETF联接C
015598,1.2314999999999996,0.09156177982627156,https://h5.1234567.com.cn/app/fund-details/?fCode=015598,国泰中证申万证券行业指数(LOF)C
021944,0.8548,0.09169859514687095,https://h5.1234567.com.cn/app/fund-details/?fCode=021944,广发中证基建工程ETF联接F
015178,0.9476,0.09183085608941122,https://h5.1234567.com.cn/app/fund-details/?fCode=015178,申万菱信中证申万证券行业指数(LOF)C
023766,1.2500000000000009,0.09189378057302666,https://h5.1234567.com.cn/app/fund-details/?fCode=023766,华夏中证全指证券公司ETF联接D
013597,1.1917000000000009,0.09220053157364205,https://h5.1234567.com.cn/app/fund-details/?fCode=013597,招商中证全指证券公司指数(LOF)C
021556,1.1189,0.09224912143693875,https://h5.1234567.com.cn/app/fund-details/?fCode=021556,长盛中证证券公司指数(LOF)C
021467,1.0212000000000003,0.09254306194500939,https://h5.1234567.com.cn/app/fund-details/?fCode=021467,新华安享惠金定期债券E
022509,1.0890000000000004,0.09260559847496785,https://h5.1234567.com.cn/app/fund-details/?fCode=022509,国泰中证全指证券公司ETF联接E
007531,1.5351999999999997,0.09290239908877318,https://h5.1234567.com.cn/app/fund-details/?fCode=007531,华宝券商ETF联接C
025141,0.9425999999999997,0.09312304302446917,https://h5.1234567.com.cn/app/fund-details/?fCode=025141,鹏华中证全指证券公司指数(LOF)I
012044,1.0721000000000007,0.09319873559702319,https://h5.1234567.com.cn/app/fund-details/?fCode=012044,鹏华中证全指证券公司指数(LOF)C
023379,1.0438,0.09321323837452877,https://h5.1234567.com.cn/app/fund-details/?fCode=023379,鹏华中证800证券保险指数(LOF)I
008591,1.2374999999999998,0.09339105849089946,https://h5.1234567.com.cn/app/fund-details/?fCode=008591,天弘中证全指证券公司ETF联接C
025780,0.9192999999999998,0.0936236021889123,https://h5.1234567.com.cn/app/fund-details/?fCode=025780,中欧中证全指证券公司指数发起C
023596,0.7528000000000006,0.09386806160999783,https://h5.1234567.com.cn/app/fund-details/?fCode=023596,中信保诚中证基建工程指数(LOF)E
013082,0.7387000000000006,0.09404620853080647,https://h5.1234567.com.cn/app/fund-details/?fCode=013082,中信保诚中证基建工程指数(LOF)C
020324,1.0774000000000004,0.09414034731390308,https://h5.1234567.com.cn/app/fund-details/?fCode=020324,博时中证基建工程指数发起式C
022824,1.3723999999999998,0.09415610300566035,https://h5.1234567.com.cn/app/fund-details/?fCode=022824,鹏华沪深300指数增强I
013503,0.9897999999999993,0.09418527525978271,https://h5.1234567.com.cn/app/fund-details/?fCode=013503,易方达低碳ETF联接C
020406,1.5120999999999993,0.09453492580528366,https://h5.1234567.com.cn/app/fund-details/?fCode=020406,国泰中证油气产业ETF发起联接C
021950,1.125099999999998,0.09509441308156297,https://h5.1234567.com.cn/app/fund-details/?fCode=021950,南方深证主板50ETF联接C
023145,1.5396,0.09509922469592436,https://h5.1234567.com.cn/app/fund-details/?fCode=023145,汇添富中证油气资源ETF发起式联接C
021844,1.1847000000000003,0.09532174556213047,https://h5.1234567.com.cn/app/fund-details/?fCode=021844,东财证券保险E
015860,1.268299999999999,0.09610232477746017,https://h5.1234567.com.cn/app/fund-details/?fCode=015860,宝盈国证证券龙头指数发起C
024005,1.204600000000001,0.09668608885651953,https://h5.1234567.com.cn/app/fund-details/?fCode=024005,国联中证A50联接C
021856,1.3855000000000004,0.09690444145356714,https://h5.1234567.com.cn/app/fund-details/?fCode=021856,博时中证油气资源ETF发起式联接C
022262,1.3551000000000002,0.09698049056909253,https://h5.1234567.com.cn/app/fund-details/?fCode=022262,华泰柏瑞中证A50ETF发起式联接E
017779,1.1367000000000012,0.09709487501206548,https://h5.1234567.com.cn/app/fund-details/?fCode=017779,浦银安盛中证证券公司30ETF联接C
021223,1.3495000000000008,0.09715447154471613,https://h5.1234567.com.cn/app/fund-details/?fCode=021223,华泰柏瑞中证A50ETF发起式联接C
012755,0.7484000000000002,0.09736070381231698,https://h5.1234567.com.cn/app/fund-details/?fCode=012755,鹏华内地低碳联接C
022797,1.1481000000000003,0.09740011470082233,https://h5.1234567.com.cn/app/fund-details/?fCode=022797,鹏华中证内地低碳经济主题ETF联接I
026020,1.2523999999999997,0.09744128987031164,https://h5.1234567.com.cn/app/fund-details/?fCode=026020,东财证券30E
010419,1.2070999999999996,0.09786266484765771,https://h5.1234567.com.cn/app/fund-details/?fCode=010419,申万菱信中证环保产业指数(LOF)C
015879,0.8151000000000002,0.09792564655172442,https://h5.1234567.com.cn/app/fund-details/?fCode=015879,富国中证农业主题ETF联接C
022775,1.1374000000000004,0.09840656687590577,https://h5.1234567.com.cn/app/fund-details/?fCode=022775,财通汇利债券C
014166,1.2196999999999996,0.09922494592645958,https://h5.1234567.com.cn/app/fund-details/?fCode=014166,华安沪深300增强策略ETF发起式联接C
014256,0.6964000000000001,0.09928966061562772,https://h5.1234567.com.cn/app/fund-details/?fCode=014256,富国中证娱乐主题指数增强(LOF)C
002984,0.8693,0.10024047588912777,https://h5.1234567.com.cn/app/fund-details/?fCode=002984,广发中证环保ETF联接C
016499,1.1737000000000002,0.10041252578286164,https://h5.1234567.com.cn/app/fund-details/?fCode=016499,易方达MSCI中国A50互联互通量化增强C
021833,1.2187999999999999,0.10079479768786115,https://h5.1234567.com.cn/app/fund-details/?fCode=021833,富国沪深300ETF发起式联接C
025475,1.0690999999999997,0.10080313014826991,https://h5.1234567.com.cn/app/fund-details/?fCode=025475,招商中证A50ETF发起式联接C
016898,1.3963,0.10126981623156395,https://h5.1234567.com.cn/app/fund-details/?fCode=016898,广发中证上海环交所碳中和ETF发起式联接C
021234,1.3358999999999996,0.10131904369332201,https://h5.1234567.com.cn/app/fund-details/?fCode=021234,博时中证A50ETF发起式联接C
021217,1.398200000000001,0.10155203655558243,https://h5.1234567.com.cn/app/fund-details/?fCode=021217,华宝中证A50ETF发起式联接C
021215,1.3708,0.1016635859519408,https://h5.1234567.com.cn/app/fund-details/?fCode=021215,嘉实中证A50ETF联接C
021359,1.3477999999999994,0.10168383194376274,https://h5.1234567.com.cn/app/fund-details/?fCode=021359,大成中证A50ETF联接E
022606,1.3739000000000008,0.10194096888033433,https://h5.1234567.com.cn/app/fund-details/?fCode=022606,银华中证A50ETF联接I
022975,1.4242,0.10198081089445976,https://h5.1234567.com.cn/app/fund-details/?fCode=022975,工银中证A50ETF联接Y
014997,1.7345000000000006,0.10203951966452784,https://h5.1234567.com.cn/app/fund-details/?fCode=014997,国泰国证新能源汽车指数C
021213,1.3427000000000007,0.10210949683985948,https://h5.1234567.com.cn/app/fund-details/?fCode=021213,大成中证A50ETF联接C
007404,1.4882999999999997,0.10211789099526047,https://h5.1234567.com.cn/app/fund-details/?fCode=007404,华宝沪深300增强策略ETF发起式联接C
023378,1.2156999999999991,0.10217588395285504,https://h5.1234567.com.cn/app/fund-details/?fCode=023378,鹏华中证环保产业指数(LOF)I
021232,1.4162,0.10218694061794698,https://h5.1234567.com.cn/app/fund-details/?fCode=021232,工银中证A50ETF联接C
007978,0.25019999999999987,0.1022026431718055,https://h5.1234567.com.cn/app/fund-details/?fCode=007978,易方达黄金主题美元现汇C
021209,1.3671000000000006,0.10223333064581208,https://h5.1234567.com.cn/app/fund-details/?fCode=021209,银华中证A50ETF联接C
015685,0.906200000000001,0.10229899039046453,https://h5.1234567.com.cn/app/fund-details/?fCode=015685,鹏华中证环保产业指数(LOF)C
014174,1.2689999999999992,0.10251954821893938,https://h5.1234567.com.cn/app/fund-details/?fCode=014174,富国中证国有企业改革指数(LOF)C
022892,1.3533000000000008,0.10284410398500587,https://h5.1234567.com.cn/app/fund-details/?fCode=022892,易方达中证A50ETF联接发起式Y
021207,1.3470999999999993,0.10318565228072996,https://h5.1234567.com.cn/app/fund-details/?fCode=021207,易方达中证A50ETF联接发起式C
023053,1.2021999999999995,0.10323942369459438,https://h5.1234567.com.cn/app/fund-details/?fCode=023053,交银中证A50指数C
016888,1.1996000000000002,0.10348633980314625,https://h5.1234567.com.cn/app/fund-details/?fCode=016888,富国中证上海环交所碳中和ETF联接C
021184,1.3671000000000006,0.10383528461849068,https://h5.1234567.com.cn/app/fund-details/?fCode=021184,平安中证A50ETF联接C
012873,1.6725999999999992,0.10424506502937825,https://h5.1234567.com.cn/app/fund-details/?fCode=012873,易方达中证国企改革(LOF)C
005229,1.5677000000000012,0.10440295878830663,https://h5.1234567.com.cn/app/fund-details/?fCode=005229,嘉实富时中国A50ETF联接C
013476,0.6547999999999994,0.10458839406207732,https://h5.1234567.com.cn/app/fund-details/?fCode=013476,华宝中证智能电动汽车ETF发起式联接C
021890,1.4236000000000004,0.10467913401101914,https://h5.1234567.com.cn/app/fund-details/?fCode=021890,中欧中证A50指数C
016918,1.3025000000000002,0.10474978795589496,https://h5.1234567.com.cn/app/fund-details/?fCode=016918,南方中证上海环交所碳中和ETF联接C
022110,1.3371000000000013,0.1047674130380909,https://h5.1234567.com.cn/app/fund-details/?fCode=022110,摩根中证A50ETF发起式联接E
023109,1.2310000000000008,0.1048285765571717,https://h5.1234567.com.cn/app/fund-details/?fCode=023109,广发中证A50ETF联接C
021178,1.3343999999999987,0.1049101598078983,https://h5.1234567.com.cn/app/fund-details/?fCode=021178,摩根中证A50ETF发起式联接C
021211,1.3778000000000006,0.1049803512711529,https://h5.1234567.com.cn/app/fund-details/?fCode=021211,富国中证A50ETF发起式联接C
020869,1.348300000000001,0.10507335464306289,https://h5.1234567.com.cn/app/fund-details/?fCode=020869,华夏沪深300ESG基准ETF发起式联接C
016900,1.1478000000000002,0.10524795377948992,https://h5.1234567.com.cn/app/fund-details/?fCode=016900,易方达中证上海环交所碳中和ETF联接C
021255,1.3885000000000014,0.1060219850246944,https://h5.1234567.com.cn/app/fund-details/?fCode=021255,富国沪深300ESG基准ETF发起式联接C
025329,1.1227999999999998,0.10740704211460672,https://h5.1234567.com.cn/app/fund-details/?fCode=025329,银华沪深300指数C
023147,1.2344999999999997,0.10757222321909166,https://h5.1234567.com.cn/app/fund-details/?fCode=023147,中金沪深300ETF联接C
020969,1.0464000000000002,0.107653223245475,https://h5.1234567.com.cn/app/fund-details/?fCode=020969,中信保诚全球商品主题(QDII-FOF-LOF)C
016880,1.4581999999999997,0.10797051895752574,https://h5.1234567.com.cn/app/fund-details/?fCode=016880,招商中证上海环交所碳中和ETF发起式联接C
021610,0.8272000000000004,0.10840144713922073,https://h5.1234567.com.cn/app/fund-details/?fCode=021610,国泰中证环保产业50ETF联接E
023432,1.1633000000000004,0.10896091515729323,https://h5.1234567.com.cn/app/fund-details/?fCode=023432,天弘中证A50指数C
007804,1.7595999999999998,0.10896829898531535,https://h5.1234567.com.cn/app/fund-details/?fCode=007804,申万菱信沪深300指数增强C
015671,1.5244999999999997,0.10896922965010525,https://h5.1234567.com.cn/app/fund-details/?fCode=015671,前海开源沪深300指数C
022899,1.3249000000000013,0.10925987943737558,https://h5.1234567.com.cn/app/fund-details/?fCode=022899,中欧沪深300指数发起Y
013120,1.3652999999999995,0.1092785180370488,https://h5.1234567.com.cn/app/fund-details/?fCode=013120,中信保诚沪深300指数(LOF)C
021878,1.3120999999999992,0.10978601031886948,https://h5.1234567.com.cn/app/fund-details/?fCode=021878,中欧沪深300指数发起C
022936,1.1856999999999998,0.10999812769144324,https://h5.1234567.com.cn/app/fund-details/?fCode=022936,国泰沪深300指数Y
019091,1.3751999999999995,0.11019617340760446,https://h5.1234567.com.cn/app/fund-details/?fCode=019091,博时中证新能源汽车ETF发起式联接C
024913,0.887,0.11027663036675417,https://h5.1234567.com.cn/app/fund-details/?fCode=024913,华夏国证通用航空产业ETF发起式联接C
021635,1.5343000000000009,0.11060441549040956,https://h5.1234567.com.cn/app/fund-details/?fCode=021635,人保沪深300C
024689,0.9662999999999999,0.11081733532589944,https://h5.1234567.com.cn/app/fund-details/?fCode=024689,富国国证通用航空产业ETF发起式联接C
023827,1.4262999999999995,0.11091206480255433,https://h5.1234567.com.cn/app/fund-details/?fCode=023827,华商中证500指数增强C
023060,1.2247000000000003,0.11114135365632394,https://h5.1234567.com.cn/app/fund-details/?fCode=023060,汇添富沪深300ETF发起式联接C
022689,1.4083000000000006,0.11143556151842837,https://h5.1234567.com.cn/app/fund-details/?fCode=022689,申万菱信中证A500指数增强C
018543,1.7650000000000006,0.11146095717884164,https://h5.1234567.com.cn/app/fund-details/?fCode=018543,汇添富黄金及贵金属(QDII-LOF-FOF)C
022948,1.2359000000000009,0.11152082021764609,https://h5.1234567.com.cn/app/fund-details/?fCode=022948,华泰柏瑞沪深300ETF联接Y
020016,1.6104000000000012,0.11154058531198308,https://h5.1234567.com.cn/app/fund-details/?fCode=020016,鹏华国证ESG300ETF联接C
022795,1.2373000000000012,0.11158027131434833,https://h5.1234567.com.cn/app/fund-details/?fCode=022795,鹏华国证ESG300ETF联接I
022935,1.196699999999999,0.11165815141662705,https://h5.1234567.com.cn/app/fund-details/?fCode=022935,工银沪深300指数Y
024546,1.5682,0.1117255068765064,https://h5.1234567.com.cn/app/fund-details/?fCode=024546,平安300ETF联接E
022699,1.2337999999999996,0.11173184357541865,https://h5.1234567.com.cn/app/fund-details/?fCode=022699,华泰柏瑞沪深300ETF联接I
006131,1.2093999999999996,0.11178525464239697,https://h5.1234567.com.cn/app/fund-details/?fCode=006131,华泰柏瑞沪深300ETF联接C
022928,1.995000000000001,0.11185420498244492,https://h5.1234567.com.cn/app/fund-details/?fCode=022928,易方达沪深300ETF联接Y
021737,1.7942,0.11185474375658422,https://h5.1234567.com.cn/app/fund-details/?fCode=021737,广发沪深300ETF联接F
022964,1.6396000000000006,0.11197015937606025,https://h5.1234567.com.cn/app/fund-details/?fCode=022964,广发沪深300ETF联接Y
022987,1.2723999999999984,0.11204334906484736,https://h5.1234567.com.cn/app/fund-details/?fCode=022987,鹏华沪深300ETF联接(LOF)I
008927,1.1984999999999992,0.11209056323652145,https://h5.1234567.com.cn/app/fund-details/?fCode=008927,泰康沪深300ETF联接C
002987,1.8639000000000001,0.11211217183770894,https://h5.1234567.com.cn/app/fund-details/?fCode=002987,广发沪深300ETF联接C
006939,1.3998999999999997,0.11217923254151096,https://h5.1234567.com.cn/app/fund-details/?fCode=006939,鹏华沪深300ETF联接(LOF)C
007339,1.9661999999999988,0.11222989025907837,https://h5.1234567.com.cn/app/fund-details/?fCode=007339,易方达沪深300ETF联接C
022924,1.7823000000000002,0.11226909635546689,https://h5.1234567.com.cn/app/fund-details/?fCode=022924,南方沪深300ETF联接Y
021022,1.6909,0.11228785686093934,https://h5.1234567.com.cn/app/fund-details/?fCode=021022,南方沪深300ETF联接I
015907,1.2699000000000007,0.11238612473721155,https://h5.1234567.com.cn/app/fund-details/?fCode=015907,兴业沪深300ETF发起联接C
025381,0.8894999999999995,0.11243121560780334,https://h5.1234567.com.cn/app/fund-details/?fCode=025381,汇添富国证通用航空产业ETF发起式联接C
021886,1.1342999999999996,0.11249509611612352,https://h5.1234567.com.cn/app/fund-details/?fCode=021886,嘉实沪深300ETF联接(LOF)I
006937,1.1768,0.11249763660427292,https://h5.1234567.com.cn/app/fund-details/?fCode=006937,工银沪深300指数C
022890,1.2938,0.11256341903861045,https://h5.1234567.com.cn/app/fund-details/?fCode=022890,嘉实沪深300ETF联接(LOF)Y
022367,1.2906999999999993,0.11257650202568681,https://h5.1234567.com.cn/app/fund-details/?fCode=022367,贝莱德沪深300指数增强C
022955,1.7567999999999993,0.112743856093235,https://h5.1234567.com.cn/app/fund-details/?fCode=022955,天弘沪深300ETF联接Y
022983,1.8623999999999992,0.11274421939415613,https://h5.1234567.com.cn/app/fund-details/?fCode=022983,华夏沪深300ETF联接Y
007539,1.5075999999999983,0.11286631726581398,https://h5.1234567.com.cn/app/fund-details/?fCode=007539,永赢沪深300ETF发起联接C
160724,1.1590000000000007,0.11292490877664729,https://h5.1234567.com.cn/app/fund-details/?fCode=160724,嘉实沪深300ETF联接C
022205,1.1759000000000004,0.11301467108376761,https://h5.1234567.com.cn/app/fund-details/?fCode=022205,永赢中证A50指数增强发起C
007976,1.7028999999999987,0.11307928622785712,https://h5.1234567.com.cn/app/fund-details/?fCode=007976,易方达黄金主题人民币C
005658,1.8139999999999992,0.1130882984598387,https://h5.1234567.com.cn/app/fund-details/?fCode=005658,华夏沪深300ETF联接C
005918,1.5355999999999996,0.11315694092062323,https://h5.1234567.com.cn/app/fund-details/?fCode=005918,天弘沪深300ETF联接C
021257,1.382299999999999,0.11323185954739379,https://h5.1234567.com.cn/app/fund-details/?fCode=021257,浦银安盛中证A50指数增强C
022860,1.2771000000000008,0.11332926510330465,https://h5.1234567.com.cn/app/fund-details/?fCode=022860,中银沪深300指数C
022600,1.3034999999999988,0.11362665527552207,https://h5.1234567.com.cn/app/fund-details/?fCode=022600,博时沪深300ETF发起式联接C
023423,1.2696000000000005,0.11368421052631628,https://h5.1234567.com.cn/app/fund-details/?fCode=023423,东财沪深300E
022543,1.6505999999999998,0.11369003441063352,https://h5.1234567.com.cn/app/fund-details/?fCode=022543,天弘沪深300指数增强发起E
008391,1.3246000000000002,0.11376439922643589,https://h5.1234567.com.cn/app/fund-details/?fCode=008391,国联安沪深300ETF联接C
021103,1.4601999999999995,0.11380625476735284,https://h5.1234567.com.cn/app/fund-details/?fCode=021103,国寿安保沪深300ETF联接C
024767,0.8794999999999993,0.11399620012666167,https://h5.1234567.com.cn/app/fund-details/?fCode=024767,华宝国证通用航空产业ETF发起式联接C
012544,0.6840000000000002,0.11418797849812701,https://h5.1234567.com.cn/app/fund-details/?fCode=012544,嘉实中证新能源汽车指数C
019915,1.5488999999999997,0.11423638587151985,https://h5.1234567.com.cn/app/fund-details/?fCode=019915,华夏瑞益混合A3
023531,0.9359999999999999,0.11428571428571432,https://h5.1234567.com.cn/app/fund-details/?fCode=023531,永赢国证通用航空产业ETF发起联接C
022482,2.0445,0.1142903858731199,https://h5.1234567.com.cn/app/fund-details/?fCode=022482,国泰中证新能源汽车ETF联接E
019914,1.5398999999999994,0.1145773016792122,https://h5.1234567.com.cn/app/fund-details/?fCode=019914,华夏瑞益混合A2
005152,1.8431999999999995,0.11465892597968041,https://h5.1234567.com.cn/app/fund-details/?fCode=005152,农银沪深300指数C
006724,1.0805000000000007,0.11472196430413772,https://h5.1234567.com.cn/app/fund-details/?fCode=006724,工银深证红利ETF联接C
024349,0.9411000000000005,0.11491529439639914,https://h5.1234567.com.cn/app/fund-details/?fCode=024349,中欧国证通用航空产业指数发起C
011513,1.0938000000000003,0.1150983790396578,https://h5.1234567.com.cn/app/fund-details/?fCode=011513,天弘中证新能源车C
022926,1.7106999999999983,0.11555265731985531,https://h5.1234567.com.cn/app/fund-details/?fCode=022926,华宝中证A100ETF联接Y
023656,1.3190999999999988,0.11561231393775273,https://h5.1234567.com.cn/app/fund-details/?fCode=023656,融通中证诚通央企科技创新ETF发起式联接C
020767,1.5098000000000003,0.11580814426132613,https://h5.1234567.com.cn/app/fund-details/?fCode=020767,嘉实中证A100ETF发起联接C
022614,1.9144000000000005,0.11594287379772683,https://h5.1234567.com.cn/app/fund-details/?fCode=022614,南方中证A100ETF联接I
007405,1.6957999999999993,0.11602500822638984,https://h5.1234567.com.cn/app/fund-details/?fCode=007405,华宝中证A100ETF联接C
024629,0.6763999999999997,0.11617161716171576,https://h5.1234567.com.cn/app/fund-details/?fCode=024629,华夏中证新能源汽车ETF发起式联接D
022628,1.2987000000000002,0.11639301985730266,https://h5.1234567.com.cn/app/fund-details/?fCode=022628,博时中证A100ETF联接C
013320,0.6212999999999993,0.11644204851751905,https://h5.1234567.com.cn/app/fund-details/?fCode=013320,华安中证新能源汽车ETF发起式联接C
010954,1.0835,0.11666494898484991,https://h5.1234567.com.cn/app/fund-details/?fCode=010954,天弘国证A50指数C
022922,2.1851999999999983,0.11689240991566496,https://h5.1234567.com.cn/app/fund-details/?fCode=022922,博时沪深300指数Y
020407,1.1303999999999998,0.11699604743082981,https://h5.1234567.com.cn/app/fund-details/?fCode=020407,工银传媒指数E
021829,1.2875999999999994,0.117126496616345,https://h5.1234567.com.cn/app/fund-details/?fCode=021829,招商中证A100ETF发起式联接C
021246,1.4741999999999997,0.11749545178896281,https://h5.1234567.com.cn/app/fund-details/?fCode=021246,富国中证A100ETF发起式联接C
024186,2.160499999999999,0.11769270563890277,https://h5.1234567.com.cn/app/fund-details/?fCode=024186,博时沪深300指数I
002385,2.1064,0.11804670912951165,https://h5.1234567.com.cn/app/fund-details/?fCode=002385,博时沪深300指数C
013048,1.0219999999999998,0.11816192560175032,https://h5.1234567.com.cn/app/fund-details/?fCode=013048,富国中证新能源汽车指数(LOF)C
025693,0.9591000000000003,0.11848396501457747,https://h5.1234567.com.cn/app/fund-details/?fCode=025693,南方中证通用航空主题ETF发起联接C
010873,0.9416000000000002,0.11882129277566555,https://h5.1234567.com.cn/app/fund-details/?fCode=010873,博时沪深300指数增强C
020184,1.1274999999999995,0.1189956331877724,https://h5.1234567.com.cn/app/fund-details/?fCode=020184,博时中证传媒指数发起式C
021952,0.8874999999999997,0.11902660446349733,https://h5.1234567.com.cn/app/fund-details/?fCode=021952,广发中证传媒ETF联接F
018864,0.8755000000000002,0.11970840260902937,https://h5.1234567.com.cn/app/fund-details/?fCode=018864,广发中证传媒ETF联接E
025677,1.1263999999999994,0.12057302029446815,https://h5.1234567.com.cn/app/fund-details/?fCode=025677,泰康沪深300指数增强C
023376,1.0634999999999994,0.12100769474017015,https://h5.1234567.com.cn/app/fund-details/?fCode=023376,鹏华中证传媒指数(LOF)I
015675,1.4950999999999999,0.12126893655317228,https://h5.1234567.com.cn/app/fund-details/?fCode=015675,鹏华中证传媒指数(LOF)C
024504,0.7814999999999994,0.12155568312284659,https://h5.1234567.com.cn/app/fund-details/?fCode=024504,平安中证新能车ETF联接E
012699,0.7662999999999998,0.12212622638746495,https://h5.1234567.com.cn/app/fund-details/?fCode=012699,平安中证新能车ETF联接C
008777,1.1938000000000004,0.12220342169580789,https://h5.1234567.com.cn/app/fund-details/?fCode=008777,华安沪深300ETF联接C
023537,0.7915999999999999,0.12235927973911775,https://h5.1234567.com.cn/app/fund-details/?fCode=023537,博时中证金融科技主题ETF联接C
023885,0.9144000000000005,0.12347954294139396,https://h5.1234567.com.cn/app/fund-details/?fCode=023885,华夏中证金融科技主题ETF发起式联接C
023569,1.3598,0.12361593125103276,https://h5.1234567.com.cn/app/fund-details/?fCode=023569,招商资管中证A500指数增强发起C
012757,1.2030000000000003,0.12366897067065219,https://h5.1234567.com.cn/app/fund-details/?fCode=012757,易方达中证龙头企业指数C
012855,1.3392,0.12377276160107398,https://h5.1234567.com.cn/app/fund-details/?fCode=012855,英大中证ESG120策略指数C
019511,1.3642000000000003,0.12437154866891964,https://h5.1234567.com.cn/app/fund-details/?fCode=019511,华宝中证A500ETF联接C
015874,0.8154000000000003,0.12453454695904065,https://h5.1234567.com.cn/app/fund-details/?fCode=015874,工银国证新能源车电池ETF发起式联接C
013180,0.7661999999999995,0.12560599382988036,https://h5.1234567.com.cn/app/fund-details/?fCode=013180,广发国证新能源车电池ETF联接C
013478,0.8719000000000001,0.1266313477193437,https://h5.1234567.com.cn/app/fund-details/?fCode=013478,华宝中证金融科技主题ETF发起式联接C
024789,0.8812000000000006,0.12685421994884982,https://h5.1234567.com.cn/app/fund-details/?fCode=024789,光大国证通用航空产业指数发起式C
025917,0.9303000000000008,0.12708989580809393,https://h5.1234567.com.cn/app/fund-details/?fCode=025917,兴银国证新能源车电池ETF发起式联接C
014531,1.1764000000000001,0.1273598466698611,https://h5.1234567.com.cn/app/fund-details/?fCode=014531,华夏MSCI中国A50互联互通ETF发起式联接C
023419,1.2083999999999993,0.1276595744680844,https://h5.1234567.com.cn/app/fund-details/?fCode=023419,宏利中证A50指数增强C
018380,1.1093000000000006,0.1280252186292461,https://h5.1234567.com.cn/app/fund-details/?fCode=018380,万家国证新能源车电池指数发起式C
014535,1.3074000000000012,0.12852826931376882,https://h5.1234567.com.cn/app/fund-details/?fCode=014535,南方MSCI中国A50互联互通ETF联接C
014533,1.2063999999999995,0.12863691645616937,https://h5.1234567.com.cn/app/fund-details/?fCode=014533,易方达MSCI中国A50互联互通ETF联接C
017652,0.9252000000000002,0.12898108602806624,https://h5.1234567.com.cn/app/fund-details/?fCode=017652,中航华证商飞高端制造产业指数发起C
022347,2.297600000000001,0.12915274228425444,https://h5.1234567.com.cn/app/fund-details/?fCode=022347,中银上海金ETF联接E
013453,1.0869000000000004,0.13089168660909434,https://h5.1234567.com.cn/app/fund-details/?fCode=013453,交银国证新能源指数(LOF)C
015038,1.3716999999999997,0.13120567375886516,https://h5.1234567.com.cn/app/fund-details/?fCode=015038,天弘MSCI中国A50互联互通指数C
007789,1.866999999999999,0.13151515151515114,https://h5.1234567.com.cn/app/fund-details/?fCode=007789,易方达中证国企带路发起式联接C
023776,1.1723999999999988,0.1324253839466809,https://h5.1234567.com.cn/app/fund-details/?fCode=023776,兴银MSCI中国A50互联互通指数发起C
022070,1.2982000000000014,0.1325133036726871,https://h5.1234567.com.cn/app/fund-details/?fCode=022070,天弘中证工程机械主题指数发起C
022096,1.7470999999999997,0.1325683910281341,https://h5.1234567.com.cn/app/fund-details/?fCode=022096,富国中证国企一带一路ETF联接E
026130,0.8965999999999994,0.1327858496525578,https://h5.1234567.com.cn/app/fund-details/?fCode=026130,永赢中证工程机械主题指数C
021499,3.3430000000000035,0.1330283002880881,https://h5.1234567.com.cn/app/fund-details/?fCode=021499,博时黄金ETF联接E
021978,1.6654,0.1333106498809118,https://h5.1234567.com.cn/app/fund-details/?fCode=021978,中欧中证细分化工产业主题指数发起C
015046,1.0604999999999993,0.13349722103462947,https://h5.1234567.com.cn/app/fund-details/?fCode=015046,前海开源中航军工指数C
020904,1.4252999999999991,0.13380001590963242,https://h5.1234567.com.cn/app/fund-details/?fCode=020904,广发中证工程机械ETF发起式联接C
021004,2.102099999999999,0.133879928798748,https://h5.1234567.com.cn/app/fund-details/?fCode=021004,南方上海金ETF联接I
018392,2.0835999999999997,0.1342406096897113,https://h5.1234567.com.cn/app/fund-details/?fCode=018392,南方上海金ETF联接C
018028,0.9450999999999996,0.1345738295318124,https://h5.1234567.com.cn/app/fund-details/?fCode=018028,嘉实中证高端装备细分50ETF发起联接C
013528,1.0326,0.13460059334139096,https://h5.1234567.com.cn/app/fund-details/?fCode=013528,嘉实中证细分化工产业主题ETF发起联接C
022661,1.5496000000000008,0.13482240937385637,https://h5.1234567.com.cn/app/fund-details/?fCode=022661,华富中证A100ETF联接C
015897,0.9190000000000005,0.13498826725947954,https://h5.1234567.com.cn/app/fund-details/?fCode=015897,天弘中证细分化工产业主题ETF联接C
008908,1.7227999999999994,0.1350639082883116,https://h5.1234567.com.cn/app/fund-details/?fCode=008908,汇添富中证国企一带一路ETF联接C
016582,2.0985999999999985,0.1351146689744691,https://h5.1234567.com.cn/app/fund-details/?fCode=016582,嘉实上海金ETF发起联接C
022792,1.4088999999999992,0.13520264281685535,https://h5.1234567.com.cn/app/fund-details/?fCode=022792,鹏华中证细分化工产业主题ETF联接I
012538,0.8298000000000005,0.13531262826652157,https://h5.1234567.com.cn/app/fund-details/?fCode=012538,华宝中证细分化工产业主题ETF联接C
008702,2.220200000000002,0.13541986294364428,https://h5.1234567.com.cn/app/fund-details/?fCode=008702,华夏黄金ETF联接C
014943,0.9371999999999998,0.135449479040465,https://h5.1234567.com.cn/app/fund-details/?fCode=014943,鹏华中证细分化工产业主题ETF联接C
022653,3.560500000000001,0.13565322786425127,https://h5.1234567.com.cn/app/fund-details/?fCode=022653,华安黄金ETF联接I
020341,2.3331999999999997,0.1357640072044004,https://h5.1234567.com.cn/app/fund-details/?fCode=020341,工银黄金ETF联接E
023685,2.3728,0.13601761861444928,https://h5.1234567.com.cn/app/fund-details/?fCode=023685,建信上海金ETF联接D
014662,2.2906999999999993,0.13603451696092006,https://h5.1234567.com.cn/app/fund-details/?fCode=014662,天弘上海金ETF发起联接C
021740,2.363199999999999,0.13620847156113247,https://h5.1234567.com.cn/app/fund-details/?fCode=021740,前海开源黄金ETF联接C
022502,3.696200000000001,0.1363133300541075,https://h5.1234567.com.cn/app/fund-details/?fCode=022502,国泰黄金ETF联接E
518890,9.82419999999999,0.1364288358319441,https://h5.1234567.com.cn/app/fund-details/?fCode=518890,中银上海金ETF
019590,1.4100000000000001,0.13700508023546498,https://h5.1234567.com.cn/app/fund-details/?fCode=019590,东财化工C
021328,1.2031999999999998,0.13831598864711436,https://h5.1234567.com.cn/app/fund-details/?fCode=021328,富国中证细分机械设备产业主题ETF发起式联接C
020274,1.4568999999999983,0.13891494684177497,https://h5.1234567.com.cn/app/fund-details/?fCode=020274,富国中证细分化工产业主题ETF发起式联接C
020274,1.4568999999999983,0.13891494684177497,https://h5.1234567.com.cn/app/fund-details/?fCode=020274,富国中证细分化工产业主题ETF发起式联接C
020274,1.4568999999999983,0.13891494684177497,https://h5.1234567.com.cn/app/fund-details/?fCode=020274,富国中证细分化工产业主题ETF发起式联接C
021738,2.2128999999999994,0.1404937380817397,https://h5.1234567.com.cn/app/fund-details/?fCode=021738,广发上海金ETF联接F
026647,0.8172999999999999,0.14052469997209038,https://h5.1234567.com.cn/app/fund-details/?fCode=026647,易方达恒生港股通汽车主题ETF联接发起式C
008987,2.167,0.14088659576708418,https://h5.1234567.com.cn/app/fund-details/?fCode=008987,广发上海金ETF联接C
022137,1.7772000000000006,0.14127921911122576,https://h5.1234567.com.cn/app/fund-details/?fCode=022137,中银MSCI中国A50互联互通指数增强E
022812,1.4144999999999994,0.1416464891041156,https://h5.1234567.com.cn/app/fund-details/?fCode=022812,人保中证A500指数增强C
024232,1.0977999999999994,0.14282739954195245,https://h5.1234567.com.cn/app/fund-details/?fCode=024232,人保中证A50指数增强C
024627,1.1052000000000004,0.1433891992551215,https://h5.1234567.com.cn/app/fund-details/?fCode=024627,华富沪深300指数增强C
024865,0.7776000000000005,0.14386584289496995,https://h5.1234567.com.cn/app/fund-details/?fCode=024865,富国恒生港股通汽车主题ETF发起式联接C
014982,2.4240999999999993,0.14484745442523828,https://h5.1234567.com.cn/app/fund-details/?fCode=014982,华安标普全球石油指数(LOF)C
019316,1.1430000000000007,0.14793612533895817,https://h5.1234567.com.cn/app/fund-details/?fCode=019316,易方达中证新能源ETF联接发起式C
022481,1.2998000000000012,0.14833465853874128,https://h5.1234567.com.cn/app/fund-details/?fCode=022481,国泰中证动漫游戏ETF联接E
021057,0.6215999999999999,0.14940828402366857,https://h5.1234567.com.cn/app/fund-details/?fCode=021057,南方中证新能源ETF联接I
012832,0.6122000000000001,0.14967136150234772,https://h5.1234567.com.cn/app/fund-details/?fCode=012832,南方中证新能源ETF联接C
023715,1.267900000000001,0.1511712366079545,https://h5.1234567.com.cn/app/fund-details/?fCode=023715,华夏中证动漫游戏ETF发起式联接D
019856,1.2507000000000001,0.1512334315169368,https://h5.1234567.com.cn/app/fund-details/?fCode=019856,博时中证新能源ETF发起式联接C
018565,1.4666000000000015,0.15790304752881856,https://h5.1234567.com.cn/app/fund-details/?fCode=018565,嘉实中证全指家用电器指数发起式C
015599,1.3741000000000003,0.1631115625529036,https://h5.1234567.com.cn/app/fund-details/?fCode=015599,国泰国证航天军工指数(LOF)C
024382,0.9037000000000002,0.16351229560963088,https://h5.1234567.com.cn/app/fund-details/?fCode=024382,广发中证港股通汽车ETF发起式联接C
018316,1.2002999999999995,0.16364517692680502,https://h5.1234567.com.cn/app/fund-details/?fCode=018316,易方达中证装备产业ETF联接发起式C
019910,2.0532000000000004,0.16387959866220747,https://h5.1234567.com.cn/app/fund-details/?fCode=019910,博时信用债纯债债券C
010364,1.0569000000000002,0.16475644699140424,https://h5.1234567.com.cn/app/fund-details/?fCode=010364,鹏华空天军工指数(LOF)C
024241,1.0525999999999995,0.16476706871749425,https://h5.1234567.com.cn/app/fund-details/?fCode=024241,鹏华空天军工指数(LOF)I
012041,1.0148000000000001,0.1656328968527454,https://h5.1234567.com.cn/app/fund-details/?fCode=012041,鹏华中证国防指数(LOF)C
025140,1.0448999999999997,0.16592278509261305,https://h5.1234567.com.cn/app/fund-details/?fCode=025140,鹏华中证国防指数(LOF)I
026092,0.8421000000000003,0.16682832201745912,https://h5.1234567.com.cn/app/fund-details/?fCode=026092,国泰中证港股通汽车产业主题ETF发起联接C
024145,0.8712,0.16735897092322127,https://h5.1234567.com.cn/app/fund-details/?fCode=024145,华夏中证港股通汽车产业主题ETF发起式联接C
022751,1.0222999999999995,0.16794241974180224,https://h5.1234567.com.cn/app/fund-details/?fCode=022751,南方中证港股通汽车产业主题指数发起C
024703,0.7855999999999996,0.16939565346829366,https://h5.1234567.com.cn/app/fund-details/?fCode=024703,嘉实中证港股通汽车产业主题指数发起式C
021201,1.3933999999999997,0.17112119683980476,https://h5.1234567.com.cn/app/fund-details/?fCode=021201,华夏中证装备产业ETF发起式联接C
016209,1.2658000000000005,0.17344952257346846,https://h5.1234567.com.cn/app/fund-details/?fCode=016209,申万菱信中证军工指数(LOF)C
023556,1.5164999999999988,0.1782301297490474,https://h5.1234567.com.cn/app/fund-details/?fCode=023556,华宝深证100指数发起C
021948,1.2837999999999994,0.17931287892706171,https://h5.1234567.com.cn/app/fund-details/?fCode=021948,广发中证军工ETF联接F
005693,1.2671999999999999,0.17944899478778842,https://h5.1234567.com.cn/app/fund-details/?fCode=005693,广发中证军工ETF联接C
015577,1.8342999999999998,0.18075313807531357,https://h5.1234567.com.cn/app/fund-details/?fCode=015577,国联安上证商品ETF联接C
012842,1.5862999999999996,0.1808977890270227,https://h5.1234567.com.cn/app/fund-details/?fCode=012842,易方达中证军工(LOF)C
013035,1.2569999999999997,0.18139097744360866,https://h5.1234567.com.cn/app/fund-details/?fCode=013035,富国中证军工指数(LOF)C
024143,1.4358000000000004,0.1818256646637586,https://h5.1234567.com.cn/app/fund-details/?fCode=024143,南方深证100ETF联接C
025733,1.0055999999999994,0.1823633156966482,https://h5.1234567.com.cn/app/fund-details/?fCode=025733,华安国证航天航空行业ETF发起式联接C
022825,1.7817999999999996,0.18274145370063044,https://h5.1234567.com.cn/app/fund-details/?fCode=022825,鹏华中证一带一路主题指数(LOF)I
015677,2.103600000000001,0.18299403891575805,https://h5.1234567.com.cn/app/fund-details/?fCode=015677,鹏华中证一带一路主题指数(LOF)C
023110,3.013299999999999,0.18610509742176706,https://h5.1234567.com.cn/app/fund-details/?fCode=023110,安信一带一路指数C
022848,1.1532999999999998,0.19093349855431607,https://h5.1234567.com.cn/app/fund-details/?fCode=022848,鹏华国证粮食产业ETF发起式联接I
021087,1.1843999999999997,0.19130959565479744,https://h5.1234567.com.cn/app/fund-details/?fCode=021087,鹏华国证粮食产业ETF发起式联接C
020651,1.1766000000000005,0.19221805654068347,https://h5.1234567.com.cn/app/fund-details/?fCode=020651,博时国证粮食产业指数发起式C
021461,2.5075000000000003,0.19861376673040154,https://h5.1234567.com.cn/app/fund-details/?fCode=021461,国投瑞银中证资源指数(LOF)C
024242,1.5587999999999997,0.20064699992297608,https://h5.1234567.com.cn/app/fund-details/?fCode=024242,鹏华中证A股资源产业指数(LOF)I
012808,2.0040000000000004,0.20071899340922728,https://h5.1234567.com.cn/app/fund-details/?fCode=012808,鹏华中证A股资源产业指数(LOF)C
018490,1.8185000000000002,0.20830564784053185,https://h5.1234567.com.cn/app/fund-details/?fCode=018490,万家中证工业有色金属主题ETF发起式联接C
017193,1.9589999999999996,0.20978200456987572,https://h5.1234567.com.cn/app/fund-details/?fCode=017193,天弘中证工业有色金属主题ETF发起联接C
019088,1.9000000000000012,0.21896452171681613,https://h5.1234567.com.cn/app/fund-details/?fCode=019088,工银中证稀有金属主题ETF发起式联接C
019875,1.8983999999999996,0.22083601286173615,https://h5.1234567.com.cn/app/fund-details/?fCode=019875,广发稀有金属ETF联接C
013943,1.1534000000000004,0.22208094935367706,https://h5.1234567.com.cn/app/fund-details/?fCode=013943,华宝中证稀有金属指数增强发起C
014111,1.0336000000000003,0.22247191011235978,https://h5.1234567.com.cn/app/fund-details/?fCode=014111,嘉实中证稀有金属主题ETF发起联接C
026445,1.0219000000000005,0.2483508429025172,https://h5.1234567.com.cn/app/fund-details/?fCode=026445,易方达中证细分有色金属产业主题指数发起式C
019165,2.2028,0.25116437578098383,https://h5.1234567.com.cn/app/fund-details/?fCode=019165,汇添富有色金属ETF联接C
018854,0.2067000000000001,0.25348696179502794,https://h5.1234567.com.cn/app/fund-details/?fCode=018854,博时标普石油天然气勘探及生产精选行业指数发起(QDII)C美元现汇
019711,0.5426,0.2539865957938525,https://h5.1234567.com.cn/app/fund-details/?fCode=019711,广发道琼斯石油指数(QDII-LOF)美元现汇E
017141,1.8365,0.25409724119093147,https://h5.1234567.com.cn/app/fund-details/?fCode=017141,华宝中证有色金属ETF发起式联接C
022886,2.0648,0.2551975683890577,https://h5.1234567.com.cn/app/fund-details/?fCode=022886,鹏华国证有色金属行业ETF发起式联接I
021297,1.9337,0.25540479127442706,https://h5.1234567.com.cn/app/fund-details/?fCode=021297,鹏华国证有色金属行业ETF发起式联接C
021534,1.9975000000000014,0.2554996857322447,https://h5.1234567.com.cn/app/fund-details/?fCode=021534,华夏有色金属ETF联接D
015596,2.5694000000000017,0.25722953466751575,https://h5.1234567.com.cn/app/fund-details/?fCode=015596,国泰国证有色金属行业指数(LOF)C
020735,2.4871,0.25954623721260006,https://h5.1234567.com.cn/app/fund-details/?fCode=020735,东财有色增强E
021021,2.0291999999999986,0.2613127797115853,https://h5.1234567.com.cn/app/fund-details/?fCode=021021,南方有色金属ETF联接I
010990,1.9956999999999994,0.26142468870488544,https://h5.1234567.com.cn/app/fund-details/?fCode=010990,南方有色金属ETF联接E
004433,1.9543999999999988,0.261798695848666,https://h5.1234567.com.cn/app/fund-details/?fCode=004433,南方有色金属ETF联接C
023593,3.219800000000003,0.26222117683954793,https://h5.1234567.com.cn/app/fund-details/?fCode=023593,中信保诚中证800有色指数(LOF)E
013081,3.159799999999999,0.26255643904583015,https://h5.1234567.com.cn/app/fund-details/?fCode=013081,中信保诚中证800有色指数(LOF)C
019710,3.688600000000001,0.2645183407610563,https://h5.1234567.com.cn/app/fund-details/?fCode=019710,广发道琼斯石油指数(QDII-LOF)人民币E
018853,1.4055999999999997,0.26459739091318024,https://h5.1234567.com.cn/app/fund-details/?fCode=018853,博时标普石油天然气勘探及生产精选行业指数发起(QDII)C人民币
026478,1.0431999999999997,0.271884906120458,https://h5.1234567.com.cn/app/fund-details/?fCode=026478,招商中证有色金属矿业主题ETF发起式联接C
018168,2.0489999999999995,0.27409526178335986,https://h5.1234567.com.cn/app/fund-details/?fCode=018168,国泰有色矿业ETF联接C
022084,2.097899999999999,0.27438950309804344,https://h5.1234567.com.cn/app/fund-details/?fCode=022084,华安中证有色金属矿业主题指数发起式C
007844,1.1591,0.2773859378443906,https://h5.1234567.com.cn/app/fund-details/?fCode=007844,华宝标普油气上游股票人民币C
018133,1.9665,0.2941757156959526,https://h5.1234567.com.cn/app/fund-details/?fCode=018133,博时中证有色金属矿业主题指数C
021674,1.9264999999999999,0.4194665487768936,https://h5.1234567.com.cn/app/fund-details/?fCode=021674,国泰黄金股ETF联接C
021959,2.2948000000000004,0.4250760727814695,https://h5.1234567.com.cn/app/fund-details/?fCode=021959,南方黄金股C
021075,1.9621999999999993,0.4258102020055219,https://h5.1234567.com.cn/app/fund-details/?fCode=021075,华夏中证沪深港黄金产业股票ETF发起式联接C
021874,2.194400000000001,0.42595360322308196,https://h5.1234567.com.cn/app/fund-details/?fCode=021874,中欧中证沪深港黄金产业股票指数发起C
021363,2.2292000000000005,0.4282419272168123,https://h5.1234567.com.cn/app/fund-details/?fCode=021363,易方达中证沪深港黄金产业股票指数发起式C
020412,2.5121,0.4354857142857145,https://h5.1234567.com.cn/app/fund-details/?fCode=020412,永赢中证沪深港黄金产业股票ETF发起联接C
